groupe,subject_id,part,set_number,size,rt,correct,correct_letters,letters_recalled
transc,2,sentence-pre,,,3531.329999998,1,,
transc,2,sentence-pre,,,4600.3350000246,1,,
transc,2,sentence-pre,,,4390.4200000106,1,,
transc,2,sentence-pre,,,7235.4399999895,0,,
transc,2,recall-pre,1,4,8021.2199999951,0,HKLN,HKNL
transc,2,sentence-pre,,,4063.914999977,1,,
transc,2,sentence-pre,,,6015.7400000026,1,,
transc,2,sentence-pre,,,5969.8799999896,1,,
transc,2,sentence-pre,,,7137.6650000166,0,,
transc,2,sentence-pre,,,4722.929999989,1,,
transc,2,sentence-pre,,,4337.2299999755,1,,
transc,2,recall-pre,2,6,7489.8099999991,0,TNPQLS,TNRQLS
transc,2,sentence-pre,,,6651.6150000098,1,,
transc,2,sentence-pre,,,4415.6099999964,0,,
transc,2,sentence-pre,,,2714.7850000183,1,,
transc,2,sentence-pre,,,4331.4700000046,0,,
transc,2,recall-pre,3,4,4320.4149999947,1,FRQL,FRQL
transc,2,sentence-pre,,,4353.6599999934,1,,
transc,2,sentence-pre,,,6488.2849999995,1,,
transc,2,sentence-pre,,,12269.86499998,1,,
transc,2,sentence-pre,,,10257.975000015,1,,
transc,2,sentence-pre,,,3246.4150000014,1,,
transc,2,recall-pre,4,5,5688.4149999823,0,SYJPK,JPK
transc,2,sentence-pre,,,3840.7000000007,1,,
transc,2,sentence-pre,,,4684.5949999988,1,,
transc,2,sentence-pre,,,11266.21999999,0,,
transc,2,sentence-pre,,,9648.7100000086,0,,
transc,2,sentence-pre,,,3444.2500000005,1,,
transc,2,sentence-pre,,,9117.0500000007,0,,
transc,2,recall-pre,5,6,6060.5400000059,0,KLYSQH,TKSL
transc,2,sentence-pre,,,5759.9950000003,1,,
transc,2,sentence-pre,,,8375.8350000135,1,,
transc,2,sentence-pre,,,5563.0349999992,1,,
transc,2,sentence-pre,,,18335.41,0,,
transc,2,sentence-pre,,,5648.1150000182,1,,
transc,2,recall-pre,6,5,5690.7300000021,1,HJRKS,HJRKS
transc,2,sentence-post,,,11159.09999999,1,,
transc,2,sentence-post,,,5661.9900000226,1,,
transc,2,sentence-post,,,3236.6699999841,0,,
transc,2,sentence-post,,,2856.4250000054,1,,
transc,2,sentence-post,,,4114.1500000083,0,,
transc,2,sentence-post,,,9724.4050000156,1,,
transc,2,recall-post,1,6,5112.0850000004,1,HPYQSR,HPYQSR
transc,2,sentence-post,,,6011.4999999935,0,,
transc,2,sentence-post,,,3082.5499999914,0,,
transc,2,sentence-post,,,12586.869999999,1,,
transc,2,sentence-post,,,7039.7499999963,1,,
transc,2,sentence-post,,,2965.4000000153,0,,
transc,2,recall-post,2,5,6257.4650000022,0,RJYSK,YSRP
transc,2,sentence-post,,,2983.7150000096,1,,
transc,2,sentence-post,,,2567.5000000047,1,,
transc,2,sentence-post,,,3793.2199999923,1,,
transc,2,sentence-post,,,3800.45000001,1,,
transc,2,recall-post,3,4,5451.0900000171,1,THJF,THJF
transc,2,sentence-post,,,3379.3000000007,1,,
transc,2,sentence-post,,,2962.760000024,1,,
transc,2,sentence-post,,,4364.9799999837,1,,
transc,2,sentence-post,,,3308.1649999949,1,,
transc,2,sentence-post,,,3774.62500002,1,,
transc,2,sentence-post,,,3894.6399999838,1,,
transc,2,recall-post,4,6,6016.0100000212,0,YSQFTL,TQLTF
transc,2,sentence-post,,,2841.5899999966,1,,
transc,2,sentence-post,,,3044.8299999991,1,,
transc,2,sentence-post,,,3186.9849999784,1,,
transc,2,sentence-post,,,4366.3299999898,1,,
transc,2,recall-post,5,4,4081.3750000088,0,TNFR,TNFL
transc,2,sentence-post,,,3552.8549999874,1,,
transc,2,sentence-post,,,2545.9949999927,1,,
transc,2,sentence-post,,,6670.5000000075,1,,
transc,2,sentence-post,,,2885.4349999749,1,,
transc,2,sentence-post,,,2972.6749999975,1,,
transc,2,recall-post,6,5,5326.7349999808,0,LPRFH,TPFL
transc,6,sentence-pre,,,4807.6300000102,1,,
transc,6,sentence-pre,,,6932.839999994,0,,
transc,6,sentence-pre,,,4343.0649999937,1,,
transc,6,sentence-pre,,,5076.9650000002,1,,
transc,6,sentence-pre,,,4709.3349999923,1,,
transc,6,recall-pre,1,5,6555.7249999983,1,TYJKN,TYJKN
transc,6,sentence-pre,,,7973.9300000074,1,,
transc,6,sentence-pre,,,6151.2800000055,1,,
transc,6,sentence-pre,,,4126.4799999917,1,,
transc,6,sentence-pre,,,5573.5750000022,1,,
transc,6,sentence-pre,,,6550.7250000082,1,,
transc,6,sentence-pre,,,5895.1899999956,1,,
transc,6,recall-pre,2,6,9109.1050000105,0,RJPSTF,RJPNTF
transc,6,sentence-pre,,,6934.0900000097,1,,
transc,6,sentence-pre,,,5062.2000000003,1,,
transc,6,sentence-pre,,,6534.7150000016,1,,
transc,6,sentence-pre,,,6245.2599999961,1,,
transc,6,recall-pre,3,4,4759.8949999956,0,HJTR,RJTR
transc,6,sentence-pre,,,5973.840000006,1,,
transc,6,sentence-pre,,,4485.440000004,1,,
transc,6,sentence-pre,,,7901.7250000034,1,,
transc,6,sentence-pre,,,5304.3000000034,1,,
transc,6,recall-pre,4,4,7614.6799999988,1,TFQH,TFQH
transc,6,sentence-pre,,,5006.1399999977,1,,
transc,6,sentence-pre,,,4893.8849999977,1,,
transc,6,sentence-pre,,,12543.475000013,1,,
transc,6,sentence-pre,,,3772.8999999963,1,,
transc,6,sentence-pre,,,4391.3200000097,1,,
transc,6,recall-pre,5,5,7686.4649999916,0,NHKYT,PRYH
transc,6,sentence-pre,,,7469.9250000122,0,,
transc,6,sentence-pre,,,4806.030000007,1,,
transc,6,sentence-pre,,,8087.6649999991,1,,
transc,6,sentence-pre,,,6621.7299999989,1,,
transc,6,sentence-pre,,,4413.274999999,1,,
transc,6,sentence-pre,,,7679.6349999931,1,,
transc,6,recall-pre,6,6,9934.7050000069,0,NPHJRY,NJPHJRY
transc,6,sentence-post,,,4916.5700000012,1,,
transc,6,sentence-post,,,4782.6050000004,1,,
transc,6,sentence-post,,,3621.8500000103,1,,
transc,6,sentence-post,,,3861.2849999918,1,,
transc,6,sentence-post,,,4894.7849999969,1,,
transc,6,sentence-post,,,5383.3150000139,1,,
transc,6,recall-post,1,6,13362.359999999,0,TKSPFH,TKSPF
transc,6,sentence-post,,,7917.7750000088,1,,
transc,6,sentence-post,,,9877.7499999995,0,,
transc,6,sentence-post,,,8988.9849999892,0,,
transc,6,sentence-post,,,9543.4650000101,1,,
transc,6,sentence-post,,,3949.3899999941,1,,
transc,6,sentence-post,,,5349.524999998,1,,
transc,6,recall-post,2,6,4472.5449999971,0,HRSPFK,PFK
transc,6,sentence-post,,,5565.9949999969,1,,
transc,6,sentence-post,,,4269.9100000029,1,,
transc,6,sentence-post,,,4822.4300000002,1,,
transc,6,sentence-post,,,5437.235000005,1,,
transc,6,sentence-post,,,3790.5800000005,1,,
transc,6,recall-post,3,5,5078.3300000038,1,NFRJL,NFRJL
transc,6,sentence-post,,,7230.3399999947,1,,
transc,6,sentence-post,,,4396.9000000069,1,,
transc,6,sentence-post,,,4894.8299999903,1,,
transc,6,sentence-post,,,4399.1150000072,1,,
transc,6,recall-post,4,4,5252.5100000058,1,LTFP,LTFP
transc,6,sentence-post,,,5574.2700000117,1,,
transc,6,sentence-post,,,3975.1350000007,1,,
transc,6,sentence-post,,,4599.1199999992,1,,
transc,6,sentence-post,,,5085.2650000015,1,,
transc,6,sentence-post,,,6212.0750000034,1,,
transc,6,recall-post,5,5,7438.6349999984,1,RYTQK,RYTQK
transc,6,sentence-post,,,6014.0099999988,1,,
transc,6,sentence-post,,,4293.6550000012,1,,
transc,6,sentence-post,,,2884.9650000045,1,,
transc,6,sentence-post,,,5157.9800000037,1,,
transc,6,recall-post,6,4,9150.3850000007,0,HFTQ,HFTP
transc,4,sentence-pre,,,8166.51000001,0,,
transc,4,sentence-pre,,,7890.7449999824,1,,
transc,4,sentence-pre,,,10608.559999964,1,,
transc,4,sentence-pre,,,6955.8650000254,1,,
transc,4,recall-pre,1,4,11276.844999986,1,TPRQ,TPRQ
transc,4,sentence-pre,,,11277.450000052,0,,
transc,4,sentence-pre,,,6631.939999992,1,,
transc,4,sentence-pre,,,11510.425000044,1,,
transc,4,sentence-pre,,,11247.389999975,1,,
transc,4,sentence-pre,,,11549.109999964,1,,
transc,4,sentence-pre,,,14254.330000025,1,,
transc,4,recall-pre,2,6,14239.40000002,0,RYTSKH,TYTPS
transc,4,sentence-pre,,,10415.825000033,1,,
transc,4,sentence-pre,,,9205.8500000276,1,,
transc,4,sentence-pre,,,7237.4249999993,1,,
transc,4,sentence-pre,,,11929.914999986,0,,
transc,4,sentence-pre,,,16287.700000044,0,,
transc,4,sentence-pre,,,15887.589999998,0,,
transc,4,recall-pre,3,6,8615.8600000199,1,YJPNKR,YJPNKR
transc,4,sentence-pre,,,,0,,
transc,4,sentence-pre,,,6731.2400000519,1,,
transc,4,sentence-pre,,,5421.3350000209,0,,
transc,4,sentence-pre,,,7136.9100000011,1,,
transc,4,sentence-pre,,,6420.8000000217,1,,
transc,4,recall-pre,4,5,8355.4850000073,1,JQNHK,JQNHK
transc,4,sentence-pre,,,13087.380000041,1,,
transc,4,sentence-pre,,,6138.9400000335,0,,
transc,4,sentence-pre,,,8589.7850000183,0,,
transc,4,sentence-pre,,,8056.3749999856,0,,
transc,4,sentence-pre,,,10441.959999967,0,,
transc,4,recall-pre,5,5,9078.5599999945,1,KJQYT,KJQYT
transc,4,sentence-pre,,,14639.855000016,1,,
transc,4,sentence-pre,,,9339.9250000366,0,,
transc,4,sentence-pre,,,7815.5649999972,1,,
transc,4,sentence-pre,,,9352.4949999992,1,,
transc,4,recall-pre,6,4,6376.4349999838,0,YPLQ,YKLQ
transc,4,sentence-post,,,5226.5049999696,1,,
transc,4,sentence-post,,,7444.0749999485,1,,
transc,4,sentence-post,,,5683.2249999861,1,,
transc,4,sentence-post,,,8269.570000004,0,,
transc,4,sentence-post,,,6262.4799999758,1,,
transc,4,recall-post,1,5,6876.484999957,1,NSTLK,NSTLK
transc,4,sentence-post,,,7398.6900000018,1,,
transc,4,sentence-post,,,9041.2350000115,1,,
transc,4,sentence-post,,,4958.964999998,0,,
transc,4,sentence-post,,,7293.0350000388,0,,
transc,4,recall-post,2,4,8342.650000006,0,FHLN,FHNL
transc,4,sentence-post,,,7832.7500000014,1,,
transc,4,sentence-post,,,7448.8399999682,0,,
transc,4,sentence-post,,,9645.6750000361,1,,
transc,4,sentence-post,,,4166.1150000291,1,,
transc,4,sentence-post,,,7614.6949999966,0,,
transc,4,sentence-post,,,5479.0350000258,1,,
transc,4,recall-post,3,6,10152.780000004,0,SPQYRJ,SPQYJ
transc,4,sentence-post,,,6850.1149999793,1,,
transc,4,sentence-post,,,8842.2599999467,0,,
transc,4,sentence-post,,,4777.6850000373,1,,
transc,4,sentence-post,,,3546.1549999891,1,,
transc,4,sentence-post,,,9069.0699999686,1,,
transc,4,recall-post,4,5,6407.0749999955,1,QSJNT,QSJNT
transc,4,sentence-post,,,9242.4350000219,0,,
transc,4,sentence-post,,,4088.459999999,1,,
transc,4,sentence-post,,,7174.9800000107,0,,
transc,4,sentence-post,,,7652.7450000285,1,,
transc,4,recall-post,5,4,7386.3649999839,1,JNRP,JNRP
transc,4,sentence-post,,,6394.0300000249,1,,
transc,4,sentence-post,,,5492.0549999806,1,,
transc,4,sentence-post,,,5470.9300000104,1,,
transc,4,sentence-post,,,9890.3750000172,0,,
transc,4,sentence-post,,,5328.1849999912,1,,
transc,4,sentence-post,,,5175.1850000001,0,,
transc,4,recall-post,6,6,9902.379999985,1,TLJSKN,TLJSKN
transc,8,sentence-pre,,,4136.4650000178,1,,
transc,8,sentence-pre,,,3665.089999995,1,,
transc,8,sentence-pre,,,3968.5400000017,1,,
transc,8,sentence-pre,,,5539.9749999924,1,,
transc,8,recall-pre,1,4,6176.3400000054,1,LHKS,LHKS
transc,8,sentence-pre,,,3822.5300000049,1,,
transc,8,sentence-pre,,,4453.7999999884,1,,
transc,8,sentence-pre,,,4328.8900000043,1,,
transc,8,sentence-pre,,,4508.8450000039,1,,
transc,8,recall-pre,2,4,10186.329999997,0,JRKF,LJNF
transc,8,sentence-pre,,,4722.3650000233,1,,
transc,8,sentence-pre,,,5194.8350000021,1,,
transc,8,sentence-pre,,,2738.7500000186,1,,
transc,8,sentence-pre,,,4212.6550000103,1,,
transc,8,sentence-pre,,,5917.8400000092,1,,
transc,8,recall-pre,3,5,6637.0600000082,0,PQNRJ,PQ_NJ
transc,8,sentence-pre,,,5066.1349999718,1,,
transc,8,sentence-pre,,,5313.6249999807,1,,
transc,8,sentence-pre,,,3671.8549999932,1,,
transc,8,sentence-pre,,,4882.2999999975,1,,
transc,8,sentence-pre,,,3892.285000009,1,,
transc,8,recall-pre,4,5,6691.9000000053,1,QTFHY,QTFHY
transc,8,sentence-pre,,,5870.4800000123,1,,
transc,8,sentence-pre,,,5121.7750000069,1,,
transc,8,sentence-pre,,,5063.7300000235,1,,
transc,8,sentence-pre,,,4416.7400000151,1,,
transc,8,sentence-pre,,,6258.9150000131,1,,
transc,8,sentence-pre,,,5951.0399999854,1,,
transc,8,recall-pre,5,6,8884.4800000079,0,NSPLTJ,_LNQJ
transc,8,sentence-pre,,,7586.0199999879,1,,
transc,8,sentence-pre,,,5275.569999998,1,,
transc,8,sentence-pre,,,7270.4000000085,1,,
transc,8,sentence-pre,,,4228.2000000123,1,,
transc,8,sentence-pre,,,4339.799999987,1,,
transc,8,sentence-pre,,,3775.0150000211,1,,
transc,8,recall-pre,6,6,7404.0699999896,1,NRTLJY,NRTLJY
transc,8,sentence-post,,,4007.0150000104,1,,
transc,8,sentence-post,,,4289.5099999728,1,,
transc,8,sentence-post,,,3616.3599999854,1,,
transc,8,sentence-post,,,3543.425000011,1,,
transc,8,sentence-post,,,9305.8550000135,1,,
transc,8,sentence-post,,,5202.7299999897,1,,
transc,8,recall-post,1,6,21429.635000007,0,LYSNTK,LYSNT
transc,8,sentence-post,,,5434.6199999852,1,,
transc,8,sentence-post,,,7484.7599999919,0,,
transc,8,sentence-post,,,2510.7699999935,1,,
transc,8,sentence-post,,,3503.6600000169,1,,
transc,8,sentence-post,,,4296.3449999806,1,,
transc,8,recall-post,2,5,7581.0599999968,0,LPFRH,LYPRH
transc,8,sentence-post,,,7910.5850000056,0,,
transc,8,sentence-post,,,4641.9049999965,1,,
transc,8,sentence-post,,,3417.1300000157,1,,
transc,8,sentence-post,,,4543.3900000062,1,,
transc,8,recall-post,3,4,6850.4750000141,1,RJLF,RJLF
transc,8,sentence-post,,,3706.8199999919,1,,
transc,8,sentence-post,,,3019.2950000055,1,,
transc,8,sentence-post,,,3425.894999993,1,,
transc,8,sentence-post,,,4592.0299999993,1,,
transc,8,sentence-post,,,4784.1800000174,1,,
transc,8,sentence-post,,,3995.9349999842,1,,
transc,8,recall-post,4,6,8132.1449999814,0,PSHRYJ,P_HLRJ
transc,8,sentence-post,,,3567.6149999779,1,,
transc,8,sentence-post,,,3156.7400000058,1,,
transc,8,sentence-post,,,2673.1900000013,1,,
transc,8,sentence-post,,,3702.8649999993,1,,
transc,8,sentence-post,,,3743.1599999839,1,,
transc,8,recall-post,5,5,6654.1649999856,1,RJYHN,RJYHN
transc,8,sentence-post,,,3965.7650000011,1,,
transc,8,sentence-post,,,7157.8299999819,1,,
transc,8,sentence-post,,,3179.0700000129,1,,
transc,8,sentence-post,,,4668.5449999934,1,,
transc,8,recall-post,6,4,6133.4499999941,1,LJKR,LJKR
transc,10,sentence-pre,,,3085,1,,
transc,10,sentence-pre,,,2912,1,,
transc,10,sentence-pre,,,3399,1,,
transc,10,sentence-pre,,,3573,1,,
transc,10,sentence-pre,,,3944,1,,
transc,10,sentence-pre,,,4592,1,,
transc,10,recall-pre,1,6,12805,1,PHJYSR,PHJYSR
transc,10,sentence-pre,,,3366,1,,
transc,10,sentence-pre,,,3724,1,,
transc,10,sentence-pre,,,3105,1,,
transc,10,sentence-pre,,,4015,1,,
transc,10,sentence-pre,,,3302,1,,
transc,10,recall-pre,2,5,13629,0,KLYHS,KLYR
transc,10,sentence-pre,,,3630,1,,
transc,10,sentence-pre,,,2898,1,,
transc,10,sentence-pre,,,3542,1,,
transc,10,sentence-pre,,,3848,1,,
transc,10,sentence-pre,,,3936,1,,
transc,10,recall-pre,3,5,9741,0,TYJKP,TY_KP
transc,10,sentence-pre,,,3264,1,,
transc,10,sentence-pre,,,3415,1,,
transc,10,sentence-pre,,,4845,1,,
transc,10,sentence-pre,,,5124,0,,
transc,10,recall-pre,4,4,8472,0,QFHL,QP_L
transc,10,sentence-pre,,,4466,1,,
transc,10,sentence-pre,,,2299,1,,
transc,10,sentence-pre,,,2809,1,,
transc,10,sentence-pre,,,5312,1,,
transc,10,sentence-pre,,,5133,1,,
transc,10,sentence-pre,,,4873,1,,
transc,10,recall-pre,5,6,11927,1,SNTQKF,SNTQKF
transc,10,sentence-pre,,,4519,1,,
transc,10,sentence-pre,,,4425,1,,
transc,10,sentence-pre,,,3340,1,,
transc,10,sentence-pre,,,3143,1,,
transc,10,recall-pre,6,4,7643,1,LYST,LYST
transc,10,sentence-post,,,5583,1,,
transc,10,sentence-post,,,4733,1,,
transc,10,sentence-post,,,3401,1,,
transc,10,sentence-post,,,4229,1,,
transc,10,sentence-post,,,3458,0,,
transc,10,sentence-post,,,3993,1,,
transc,10,recall-post,1,6,8269,0,QHTRPN,QHTPR_
transc,10,sentence-post,,,3682,0,,
transc,10,sentence-post,,,4463,0,,
transc,10,sentence-post,,,3483,1,,
transc,10,sentence-post,,,3955,1,,
transc,10,sentence-post,,,3353,1,,
transc,10,recall-post,2,5,6291,1,TNLKF,TNLKF
transc,10,sentence-post,,,3374,1,,
transc,10,sentence-post,,,3176,1,,
transc,10,sentence-post,,,2573,1,,
transc,10,sentence-post,,,3266,1,,
transc,10,sentence-post,,,3261,1,,
transc,10,recall-post,3,5,17775,0,KFLSR,KLQF_
transc,10,sentence-post,,,2996,1,,
transc,10,sentence-post,,,3830,1,,
transc,10,sentence-post,,,2679,1,,
transc,10,sentence-post,,,4710,1,,
transc,10,sentence-post,,,4377,1,,
transc,10,sentence-post,,,4833,1,,
transc,10,recall-post,4,6,9284,0,NSYHLR,_____R
transc,10,sentence-post,,,4881,1,,
transc,10,sentence-post,,,3644,1,,
transc,10,sentence-post,,,4548,1,,
transc,10,sentence-post,,,3688,1,,
transc,10,recall-post,5,4,5221,1,STHN,STHN
transc,10,sentence-post,,,3530,1,,
transc,10,sentence-post,,,4463,1,,
transc,10,sentence-post,,,2375,1,,
transc,10,sentence-post,,,4079,1,,
transc,10,recall-post,6,4,6450,0,KPNY,KLPY
transc,20,sentence-pre,,,3850,1,,
transc,20,sentence-pre,,,4385,1,,
transc,20,sentence-pre,,,4785,1,,
transc,20,sentence-pre,,,4738,1,,
transc,20,sentence-pre,,,4161,1,,
transc,20,recall-pre,1,5,8316,1,LNHSY,LNHSY
transc,20,sentence-pre,,,5942,1,,
transc,20,sentence-pre,,,3768,1,,
transc,20,sentence-pre,,,4520,1,,
transc,20,sentence-pre,,,5586,1,,
transc,20,recall-pre,2,4,6102,1,QFYT,QFYT
transc,20,sentence-pre,,,4327,1,,
transc,20,sentence-pre,,,3725,1,,
transc,20,sentence-pre,,,4907,1,,
transc,20,sentence-pre,,,6654,1,,
transc,20,sentence-pre,,,6281,1,,
transc,20,sentence-pre,,,5957,1,,
transc,20,recall-pre,3,6,7142,1,FKLQTP,FKLQTP
transc,20,sentence-pre,,,3480,1,,
transc,20,sentence-pre,,,3464,1,,
transc,20,sentence-pre,,,3455,1,,
transc,20,sentence-pre,,,4216,1,,
transc,20,sentence-pre,,,3520,1,,
transc,20,recall-pre,4,5,6108,1,FRTQJ,FRTQJ
transc,20,sentence-pre,,,5938,0,,
transc,20,sentence-pre,,,6449,1,,
transc,20,sentence-pre,,,3442,1,,
transc,20,sentence-pre,,,4278,1,,
transc,20,sentence-pre,,,6211,1,,
transc,20,sentence-pre,,,3825,1,,
transc,20,recall-pre,5,6,5613,1,LTHYNR,LTHYNR
transc,20,sentence-pre,,,4970,1,,
transc,20,sentence-pre,,,2691,1,,
transc,20,sentence-pre,,,4467,1,,
transc,20,sentence-pre,,,3000,1,,
transc,20,recall-pre,6,4,4678,1,HLPR,HLPR
transc,20,sentence-post,,,5026,1,,
transc,20,sentence-post,,,4325,1,,
transc,20,sentence-post,,,3067,1,,
transc,20,sentence-post,,,4416,1,,
transc,20,sentence-post,,,5313,1,,
transc,20,recall-post,1,5,9424,1,KSHQN,KSHQN
transc,20,sentence-post,,,4497,1,,
transc,20,sentence-post,,,3037,1,,
transc,20,sentence-post,,,3528,1,,
transc,20,sentence-post,,,3123,1,,
transc,20,recall-post,2,4,4657,1,NRPJ,NRPJ
transc,20,sentence-post,,,4167,1,,
transc,20,sentence-post,,,2753,1,,
transc,20,sentence-post,,,4434,1,,
transc,20,sentence-post,,,3161,1,,
transc,20,sentence-post,,,3167,1,,
transc,20,sentence-post,,,4799,1,,
transc,20,recall-post,3,6,7513,1,JHSKNY,JHSKNY
transc,20,sentence-post,,,3477,1,,
transc,20,sentence-post,,,3178,1,,
transc,20,sentence-post,,,4552,1,,
transc,20,sentence-post,,,3545,1,,
transc,20,sentence-post,,,5086,1,,
transc,20,recall-post,4,5,6182,1,TPYKH,TPYKH
transc,20,sentence-post,,,3766,1,,
transc,20,sentence-post,,,2574,1,,
transc,20,sentence-post,,,3031,1,,
transc,20,sentence-post,,,2546,1,,
transc,20,sentence-post,,,5835,1,,
transc,20,sentence-post,,,4201,1,,
transc,20,recall-post,5,6,10515,0,SHJFYR,SHJFYL
transc,20,sentence-post,,,3391,1,,
transc,20,sentence-post,,,4975,1,,
transc,20,sentence-post,,,3305,1,,
transc,20,sentence-post,,,5369,1,,
transc,20,recall-post,6,4,4636,1,TNKH,TNKH
transc,18,sentence-pre,,,5482.4949999966,1,,
transc,18,sentence-pre,,,6022.7650000015,1,,
transc,18,sentence-pre,,,7066.4399999951,1,,
transc,18,sentence-pre,,,8121.0950000022,1,,
transc,18,sentence-pre,,,8341.9300000023,0,,
transc,18,recall-pre,1,5,8900.705,0,QRYHK,QRLPK
transc,18,sentence-pre,,,8192.9750000054,1,,
transc,18,sentence-pre,,,8722.3249999952,1,,
transc,18,sentence-pre,,,7228.1100000037,1,,
transc,18,sentence-pre,,,12587.41,0,,
transc,18,recall-pre,2,4,9915.4099999942,0,PFYK,F__R
transc,18,sentence-pre,,,12034.495,0,,
transc,18,sentence-pre,,,4337.1750000006,1,,
transc,18,sentence-pre,,,6002.1699999998,1,,
transc,18,sentence-pre,,,12525.905000002,1,,
transc,18,recall-pre,3,4,6224.2100000003,0,RYLF,RYFL
transc,18,sentence-pre,,,8971.0049999994,1,,
transc,18,sentence-pre,,,6413.830000005,1,,
transc,18,sentence-pre,,,5891.1399999997,1,,
transc,18,sentence-pre,,,9486.1600000004,1,,
transc,18,sentence-pre,,,6957.4250000005,1,,
transc,18,sentence-pre,,,10128.955,1,,
transc,18,recall-pre,4,6,6402.9250000021,0,FSJLYH,___H
transc,18,sentence-pre,,,8618.3600000004,1,,
transc,18,sentence-pre,,,5960.325,1,,
transc,18,sentence-pre,,,2518.5200000051,1,,
transc,18,sentence-pre,,,5640.3750000027,1,,
transc,18,sentence-pre,,,11032.584999994,1,,
transc,18,recall-pre,5,5,9164.1849999942,0,SRFQN,FRSKS
transc,18,sentence-pre,,,,0,,
transc,18,sentence-pre,,,7576.6399999993,1,,
transc,18,sentence-pre,,,6243.3650000021,1,,
transc,18,sentence-pre,,,3988.354999994,1,,
transc,18,sentence-pre,,,6012.250000007,1,,
transc,18,sentence-pre,,,7187.0750000016,1,,
transc,18,recall-pre,6,6,4977.1549999932,0,HQFSKL,QKL
transc,18,sentence-post,,,5768.9500000053,1,,
transc,18,sentence-post,,,5514.6050000037,1,,
transc,18,sentence-post,,,7069.8499999996,1,,
transc,18,sentence-post,,,9197.0449999934,0,,
transc,18,recall-post,1,4,10335.475,0,HSFY,H_SF
transc,18,sentence-post,,,5403.2399999993,1,,
transc,18,sentence-post,,,9093.9149999977,1,,
transc,18,sentence-post,,,5584.6349999993,1,,
transc,18,sentence-post,,,5995.8049999988,0,,
transc,18,sentence-post,,,6537.0449999976,0,,
transc,18,recall-post,2,5,6916.7250000029,0,HJLQF,HJFSF
transc,18,sentence-post,,,5926.1649999972,1,,
transc,18,sentence-post,,,5502.9100000029,1,,
transc,18,sentence-post,,,4242.6049999995,1,,
transc,18,sentence-post,,,5645.3050000053,1,,
transc,18,recall-post,3,4,5383.1449999996,0,QYPT,QYPJ
transc,18,sentence-post,,,9998.1100000003,1,,
transc,18,sentence-post,,,5926.1899999981,1,,
transc,18,sentence-post,,,6276.4099999988,1,,
transc,18,sentence-post,,,6828.1500000013,1,,
transc,18,sentence-post,,,6598.5050000018,1,,
transc,18,recall-post,4,5,12815.260000003,0,LKSQP,LKSK
transc,18,sentence-post,,,4260.0400000014,1,,
transc,18,sentence-post,,,9076.5300000054,1,,
transc,18,sentence-post,,,6729.3449999997,1,,
transc,18,sentence-post,,,5184.0499999966,1,,
transc,18,sentence-post,,,6467.3949999996,1,,
transc,18,sentence-post,,,5284.1100000003,1,,
transc,18,recall-post,5,6,4189.1449999963,0,YPJTRN,JFN
transc,18,sentence-post,,,7902.2149999943,1,,
transc,18,sentence-post,,,3769.5300000054,1,,
transc,18,sentence-post,,,8845.484999998,1,,
transc,18,sentence-post,,,6124.1900000023,1,,
transc,18,sentence-post,,,6708.3799999966,1,,
transc,18,sentence-post,,,6626.9400000018,1,,
transc,18,recall-post,6,6,16015.830000004,0,QFNLKR,QFNLK
transc,12,sentence-pre,,,5714.9149999968,1,,
transc,12,sentence-pre,,,4714.4399999998,0,,
transc,12,sentence-pre,,,5400.5700000016,1,,
transc,12,sentence-pre,,,5389.5649999977,1,,
transc,12,sentence-pre,,,,0,,
transc,12,recall-pre,1,5,21145.099999998,0,TFHNR,TFHN
transc,12,sentence-pre,,,6585.154999997,1,,
transc,12,sentence-pre,,,5334.0400000016,1,,
transc,12,sentence-pre,,,4403.295,0,,
transc,12,sentence-pre,,,6933.0349999982,0,,
transc,12,sentence-pre,,,6134.7400000014,1,,
transc,12,sentence-pre,,,2800.1650000006,1,,
transc,12,recall-pre,2,6,25138.580000003,0,QPNRSK,QNS
transc,12,sentence-pre,,,6661.4149999986,1,,
transc,12,sentence-pre,,,3999.6449999999,1,,
transc,12,sentence-pre,,,6164.2700000012,0,,
transc,12,sentence-pre,,,7183.2250000007,1,,
transc,12,sentence-pre,,,4813.9899999987,1,,
transc,12,recall-pre,3,5,5462.2000000017,0,NPJKT,NPKT
transc,12,sentence-pre,,,5622.6849999985,1,,
transc,12,sentence-pre,,,2768.079999998,1,,
transc,12,sentence-pre,,,4249.995000002,1,,
transc,12,sentence-pre,,,6120.9950000011,1,,
transc,12,recall-pre,4,4,6889.7800000013,1,RPSJ,RPSJ
transc,12,sentence-pre,,,3517.1699999991,1,,
transc,12,sentence-pre,,,,0,,
transc,12,sentence-pre,,,5284.4500000029,1,,
transc,12,sentence-pre,,,3662.9250000005,1,,
transc,12,recall-pre,5,4,5834.4550000001,0,QYNS,YNS
transc,12,sentence-pre,,,7634.8749999997,0,,
transc,12,sentence-pre,,,3858.3099999996,1,,
transc,12,sentence-pre,,,5050.9850000017,1,,
transc,12,sentence-pre,,,3601.5650000009,1,,
transc,12,sentence-pre,,,5402.2549999972,1,,
transc,12,sentence-pre,,,4381.5900000008,1,,
transc,12,recall-pre,6,6,7458.6450000023,0,PYRTJN,PYRTJ
transc,12,sentence-post,,,6836.4250000012,1,,
transc,12,sentence-post,,,3998.0099999993,1,,
transc,12,sentence-post,,,3190.2599999993,1,,
transc,12,sentence-post,,,3106.0550000002,1,,
transc,12,recall-post,1,4,4383.1500000013,1,KNPY,KNPY
transc,12,sentence-post,,,5500.2349999994,1,,
transc,12,sentence-post,,,3695.2449999992,1,,
transc,12,sentence-post,,,3832.6400000006,1,,
transc,12,sentence-post,,,6505.3450000011,0,,
transc,12,sentence-post,,,5966.6049999981,1,,
transc,12,recall-post,2,5,7207.1350000002,0,NTSJL,TNS
transc,12,sentence-post,,,5071.0249999971,1,,
transc,12,sentence-post,,,4441.3299999977,1,,
transc,12,sentence-post,,,4822.5800000001,1,,
transc,12,sentence-post,,,6411.9849999989,1,,
transc,12,sentence-post,,,4989.1700000009,1,,
transc,12,sentence-post,,,4526.7800000003,1,,
transc,12,recall-post,3,6,14168.535000001,0,LHQPFR,NHQTS
transc,12,sentence-post,,,3091.375,1,,
transc,12,sentence-post,,,4321.0300000031,1,,
transc,12,sentence-post,,,4854.5800000029,1,,
transc,12,sentence-post,,,3959.6950000012,1,,
transc,12,sentence-post,,,5427.6800000006,1,,
transc,12,sentence-post,,,4999.1849999968,1,,
transc,12,recall-post,4,6,13268.039999999,0,QKYSPH,QKY
transc,12,sentence-post,,,4657.7650000001,1,,
transc,12,sentence-post,,,5471.5599999977,1,,
transc,12,sentence-post,,,4329.5250000008,1,,
transc,12,sentence-post,,,4672.260000003,1,,
transc,12,sentence-post,,,3512.0749999988,1,,
transc,12,recall-post,5,5,4816.8800000018,1,KYRFN,KYRFN
transc,12,sentence-post,,,4532.2249999992,1,,
transc,12,sentence-post,,,4715.3199999994,1,,
transc,12,sentence-post,,,2322.3749999995,1,,
transc,12,sentence-post,,,4027.689999999,1,,
transc,12,recall-post,6,4,7830.3249999993,0,FSRN,FTRS
transc,24,sentence-pre,,,4196.385,1,,
transc,24,sentence-pre,,,3744.4800000001,1,,
transc,24,sentence-pre,,,3346.365,1,,
transc,24,sentence-pre,,,3072.14,1,,
transc,24,sentence-pre,,,2882.955,1,,
transc,24,sentence-pre,,,4565.145,1,,
transc,24,recall-pre,1,6,16926.795,1,YFLSNH,YFLSNH
transc,24,sentence-pre,,,4365.27,1,,
transc,24,sentence-pre,,,4457.3,0,,
transc,24,sentence-pre,,,4782.72,1,,
transc,24,sentence-pre,,,3182.3099999999,1,,
transc,24,sentence-pre,,,4543.6100000001,1,,
transc,24,sentence-pre,,,3996.655,0,,
transc,24,recall-pre,2,6,11333.77,0,TQPNJY,TQPJY
transc,24,sentence-pre,,,4390.7,1,,
transc,24,sentence-pre,,,4497.4000000001,0,,
transc,24,sentence-pre,,,3529.99,1,,
transc,24,sentence-pre,,,3619.835,1,,
transc,24,sentence-pre,,,3268.085,1,,
transc,24,recall-pre,3,5,10436.685,1,QSLNH,QSLNH
transc,24,sentence-pre,,,3104.47,1,,
transc,24,sentence-pre,,,3385.7,1,,
transc,24,sentence-pre,,,3230.395,1,,
transc,24,sentence-pre,,,4094.7150000001,1,,
transc,24,recall-pre,4,4,9135.9749999999,1,NPJS,NPJS
transc,24,sentence-pre,,,3146.45,1,,
transc,24,sentence-pre,,,4013.3400000001,1,,
transc,24,sentence-pre,,,2436.45,1,,
transc,24,sentence-pre,,,3721.02,1,,
transc,24,recall-pre,5,4,8124.075,1,QPJN,QPJN
transc,24,sentence-pre,,,4717.035,1,,
transc,24,sentence-pre,,,3271.545,0,,
transc,24,sentence-pre,,,3097.5,1,,
transc,24,sentence-pre,,,3146.33,1,,
transc,24,sentence-pre,,,3013.55,1,,
transc,24,recall-pre,6,5,10485.975,0,PYHKF,PYKF
transc,24,sentence-post,,,4646.0850000004,1,,
transc,24,sentence-post,,,4297.5249999999,1,,
transc,24,sentence-post,,,3858.1349999998,0,,
transc,24,sentence-post,,,3803.4250000003,1,,
transc,24,recall-post,1,4,7890.2699999996,1,HPNY,HPNY
transc,24,sentence-post,,,4702.855,1,,
transc,24,sentence-post,,,3772.0799999996,1,,
transc,24,sentence-post,,,3986.7800000003,1,,
transc,24,sentence-post,,,4954.29,0,,
transc,24,recall-post,2,4,7811.415,0,HTNY,HQNY
transc,24,sentence-post,,,4878.5649999999,0,,
transc,24,sentence-post,,,4140.4199999999,1,,
transc,24,sentence-post,,,3477.9949999996,1,,
transc,24,sentence-post,,,3491.6299999999,1,,
transc,24,sentence-post,,,3963.4850000003,1,,
transc,24,sentence-post,,,4485.7649999997,1,,
transc,24,recall-post,3,6,14240.53,0,JSHRPQ,JHRPQ
transc,24,sentence-post,,,3919.7750000004,1,,
transc,24,sentence-post,,,2636.0549999997,1,,
transc,24,sentence-post,,,3582.0900000003,1,,
transc,24,sentence-post,,,3864.46,1,,
transc,24,sentence-post,,,3114.7999999998,1,,
transc,24,sentence-post,,,4029.3049999997,1,,
transc,24,recall-post,4,6,12431.2,1,PRHFKQ,PRHFKQ
transc,24,sentence-post,,,3884.1950000003,1,,
transc,24,sentence-post,,,3941.7200000002,1,,
transc,24,sentence-post,,,3856.6550000003,1,,
transc,24,sentence-post,,,3071.8050000002,1,,
transc,24,sentence-post,,,4499.8100000001,1,,
transc,24,recall-post,5,5,10275.095,0,QTJNK,QTLNK
transc,24,sentence-post,,,3757.3099999996,1,,
transc,24,sentence-post,,,2912.0800000001,1,,
transc,24,sentence-post,,,4277.7800000003,1,,
transc,24,sentence-post,,,3454.6750000003,1,,
transc,24,sentence-post,,,3252.0649999995,1,,
transc,24,recall-post,6,5,10227.015,0,RQFJK,RQFK
transc,28,sentence-pre,,,3306,1,,
transc,28,sentence-pre,,,3884,1,,
transc,28,sentence-pre,,,4508,1,,
transc,28,sentence-pre,,,5698,1,,
transc,28,sentence-pre,,,5643,1,,
transc,28,sentence-pre,,,6511,0,,
transc,28,recall-pre,1,6,14866,0,JFSHQP,JFSLH_
transc,28,sentence-pre,,,3714,1,,
transc,28,sentence-pre,,,3687,1,,
transc,28,sentence-pre,,,3906,0,,
transc,28,sentence-pre,,,7026,1,,
transc,28,sentence-pre,,,5731,1,,
transc,28,recall-pre,2,5,10419,1,SKYLJ,SKYLJ
transc,28,sentence-pre,,,6372,1,,
transc,28,sentence-pre,,,5149,1,,
transc,28,sentence-pre,,,4947,0,,
transc,28,sentence-pre,,,3265,1,,
transc,28,sentence-pre,,,4537,1,,
transc,28,sentence-pre,,,3728,1,,
transc,28,recall-pre,3,6,11044,0,KHPFSL,KHFPLS
transc,28,sentence-pre,,,2204,1,,
transc,28,sentence-pre,,,5174,1,,
transc,28,sentence-pre,,,5013,1,,
transc,28,sentence-pre,,,2613,1,,
transc,28,recall-pre,4,4,6627,0,RSLK,RLSK
transc,28,sentence-pre,,,3013,1,,
transc,28,sentence-pre,,,2750,1,,
transc,28,sentence-pre,,,4615,1,,
transc,28,sentence-pre,,,5960,1,,
transc,28,sentence-pre,,,4264,1,,
transc,28,recall-pre,5,5,17907,0,JNQSY,JL__Y
transc,28,sentence-pre,,,4956,1,,
transc,28,sentence-pre,,,4991,1,,
transc,28,sentence-pre,,,3272,1,,
transc,28,sentence-pre,,,3673,1,,
transc,28,recall-pre,6,4,5077,1,JYHS,JYHS
transc,28,sentence-post,,,3632,1,,
transc,28,sentence-post,,,3858,1,,
transc,28,sentence-post,,,3968,1,,
transc,28,sentence-post,,,3957,1,,
transc,28,sentence-post,,,4015,1,,
transc,28,sentence-post,,,4449,1,,
transc,28,recall-post,1,6,6149,1,PLHQFJ,PLHQFJ
transc,28,sentence-post,,,4749,1,,
transc,28,sentence-post,,,5709,0,,
transc,28,sentence-post,,,3417,0,,
transc,28,sentence-post,,,3846,1,,
transc,28,recall-post,2,4,4913,0,NTFL,FTFL
transc,28,sentence-post,,,3245,1,,
transc,28,sentence-post,,,4844,1,,
transc,28,sentence-post,,,4420,1,,
transc,28,sentence-post,,,3178,1,,
transc,28,sentence-post,,,3783,1,,
transc,28,sentence-post,,,2928,1,,
transc,28,recall-post,3,6,5708,0,NQPRYL,FQPRY
transc,28,sentence-post,,,2612,1,,
transc,28,sentence-post,,,4976,1,,
transc,28,sentence-post,,,4019,1,,
transc,28,sentence-post,,,3703,1,,
transc,28,sentence-post,,,6614,1,,
transc,28,recall-post,4,5,8530,0,QKNHL,QKL_H
transc,28,sentence-post,,,2933,1,,
transc,28,sentence-post,,,3217,1,,
transc,28,sentence-post,,,3819,1,,
transc,28,sentence-post,,,3013,1,,
transc,28,sentence-post,,,4676,1,,
transc,28,recall-post,5,5,22501,0,HJQFK,HJKQK
transc,28,sentence-post,,,4004,1,,
transc,28,sentence-post,,,4609,1,,
transc,28,sentence-post,,,2521,1,,
transc,28,sentence-post,,,3174,1,,
transc,28,recall-post,6,4,5602,1,TRYS,TRYS
transc,22,sentence-pre,,,,0,,
transc,22,sentence-pre,,,,0,,
transc,22,sentence-pre,,,5671.4050000301,1,,
transc,22,sentence-pre,,,7089.0500000096,1,,
transc,22,recall-pre,1,4,7334.4350000261,0,STJL,LTJT
transc,22,sentence-pre,,,4877.9250000371,1,,
transc,22,sentence-pre,,,7631.7449999624,1,,
transc,22,sentence-pre,,,5360.2299999911,1,,
transc,22,sentence-pre,,,5904.9450000166,1,,
transc,22,sentence-pre,,,5609.9899999681,0,,
transc,22,sentence-pre,,,6412.87499998,1,,
transc,22,recall-pre,2,6,16083.880000049,0,NHLTPJ,____J
transc,22,sentence-pre,,,3524.2849999922,1,,
transc,22,sentence-pre,,,4572.7699999698,1,,
transc,22,sentence-pre,,,5428.0649999855,1,,
transc,22,sentence-pre,,,5021.5600000229,0,,
transc,22,sentence-pre,,,5580.4549999884,1,,
transc,22,recall-pre,3,5,8220.0650000013,1,JRLYH,JRLYH
transc,22,sentence-pre,,,4539.0500000212,1,,
transc,22,sentence-pre,,,3743.9149999991,1,,
transc,22,sentence-pre,,,2990.4700000188,1,,
transc,22,sentence-pre,,,5471.2700000382,1,,
transc,22,sentence-pre,,,3701.5949999914,1,,
transc,22,sentence-pre,,,7814.795000013,1,,
transc,22,recall-pre,4,6,17301.890000002,1,LHYRJT,LHYRJT
transc,22,sentence-pre,,,5797.5650000153,1,,
transc,22,sentence-pre,,,5922.2300000256,1,,
transc,22,sentence-pre,,,5280.4950000136,1,,
transc,22,sentence-pre,,,6088.3999999496,0,,
transc,22,recall-pre,5,4,7918.0949999718,1,LRNS,LRNS
transc,22,sentence-pre,,,4495.820000011,1,,
transc,22,sentence-pre,,,6274.4550000061,1,,
transc,22,sentence-pre,,,4380.3900000057,1,,
transc,22,sentence-pre,,,4033.0249999533,1,,
transc,22,sentence-pre,,,3816.2149999989,1,,
transc,22,recall-pre,6,5,7750.9849999915,1,SQPTL,SQPTL
transc,22,sentence-post,,,3943.5449999874,1,,
transc,22,sentence-post,,,5434.0849999571,1,,
transc,22,sentence-post,,,3266.3899999461,1,,
transc,22,sentence-post,,,3375.8099999977,1,,
transc,22,sentence-post,,,3598.9050000207,1,,
transc,22,recall-post,1,5,9393.8049999997,1,JRYPK,JRYPK
transc,22,sentence-post,,,3695.0499999803,1,,
transc,22,sentence-post,,,3780.2050000173,1,,
transc,22,sentence-post,,,4846.1249999818,1,,
transc,22,sentence-post,,,5309.4249999849,0,,
transc,22,recall-post,2,4,12047.974999994,0,JPYR,JP_R
transc,22,sentence-post,,,5122.7600000566,1,,
transc,22,sentence-post,,,4581.6399999894,1,,
transc,22,sentence-post,,,4794.4449999486,1,,
transc,22,sentence-post,,,4883.8499999838,1,,
transc,22,sentence-post,,,5824.6250000084,1,,
transc,22,sentence-post,,,4177.2699999856,1,,
transc,22,recall-post,3,6,9962.4949999852,1,NKJSPT,NKJSPT
transc,22,sentence-post,,,3805.1950000226,1,,
transc,22,sentence-post,,,4334.4550000038,1,,
transc,22,sentence-post,,,4383.4350000252,1,,
transc,22,sentence-post,,,4171.5800000238,1,,
transc,22,recall-post,4,4,7924.4250000338,1,NTHL,NTHL
transc,22,sentence-post,,,4643.8950000447,1,,
transc,22,sentence-post,,,4288.3349999902,1,,
transc,22,sentence-post,,,3523.659999948,1,,
transc,22,sentence-post,,,4157.0900000515,1,,
transc,22,sentence-post,,,5897.3349999869,1,,
transc,22,sentence-post,,,4237.0000000228,1,,
transc,22,recall-post,5,6,8775.8599999943,1,NYKRQT,NYKRQT
transc,22,sentence-post,,,3976.9649999798,1,,
transc,22,sentence-post,,,2606.145000027,1,,
transc,22,sentence-post,,,4731.3250000007,1,,
transc,22,sentence-post,,,2595.4400000046,1,,
transc,22,sentence-post,,,7793.9650000189,1,,
transc,22,recall-post,6,5,8292.8299999912,1,RJNYK,RJNYK
transc,26,sentence-pre,,,4625.8450000023,1,,
transc,26,sentence-pre,,,4005.4550000059,1,,
transc,26,sentence-pre,,,4284.9950000018,1,,
transc,26,sentence-pre,,,8705.5499999988,1,,
transc,26,sentence-pre,,,6386.6600000038,1,,
transc,26,sentence-pre,,,9709.3899999963,1,,
transc,26,recall-pre,1,6,10541.194999998,0,JYPHSL,JYPHS
transc,26,sentence-pre,,,6614.1399999979,1,,
transc,26,sentence-pre,,,4723.6899999989,0,,
transc,26,sentence-pre,,,6773.3700000026,1,,
transc,26,sentence-pre,,,3776.9050000061,1,,
transc,26,recall-pre,2,4,8601.0349999997,1,SNLT,SNLT
transc,26,sentence-pre,,,6839.2499999973,1,,
transc,26,sentence-pre,,,5663.6450000005,1,,
transc,26,sentence-pre,,,3867.7549999993,1,,
transc,26,sentence-pre,,,7688.1100000028,0,,
transc,26,sentence-pre,,,5890.9050000002,1,,
transc,26,recall-pre,3,5,9757.9550000009,1,TQSJN,TQSJN
transc,26,sentence-pre,,,4908.6349999998,1,,
transc,26,sentence-pre,,,4532.3849999986,1,,
transc,26,sentence-pre,,,3682.1199999977,1,,
transc,26,sentence-pre,,,8452.3850000041,1,,
transc,26,recall-pre,4,4,7935.9100000001,1,PNYH,PNYH
transc,26,sentence-pre,,,4793.1399999943,1,,
transc,26,sentence-pre,,,5339.6549999961,1,,
transc,26,sentence-pre,,,9853.0099999989,1,,
transc,26,sentence-pre,,,6491.0300000047,1,,
transc,26,sentence-pre,,,4756.4250000069,1,,
transc,26,sentence-pre,,,7892.1400000036,1,,
transc,26,recall-pre,5,6,12062.915000002,1,RHSFTQ,RHSFTQ
transc,26,sentence-pre,,,5031.9449999952,1,,
transc,26,sentence-pre,,,4366.399999999,1,,
transc,26,sentence-pre,,,5013.6950000015,1,,
transc,26,sentence-pre,,,4053.0249999938,1,,
transc,26,sentence-pre,,,4305.6699999943,1,,
transc,26,recall-pre,6,5,8582.5199999963,1,YLJFK,YLJFK
transc,26,sentence-post,,,4470.7049999996,1,,
transc,26,sentence-post,,,3853.7700000019,1,,
transc,26,sentence-post,,,4153.0799999963,1,,
transc,26,sentence-post,,,5299.1049999981,1,,
transc,26,recall-post,1,4,7050.5100000012,1,NKYF,NKYF
transc,26,sentence-post,,,6061.2449999973,1,,
transc,26,sentence-post,,,5699.4549999945,1,,
transc,26,sentence-post,,,6044.3800000064,0,,
transc,26,sentence-post,,,5755.0000000047,1,,
transc,26,sentence-post,,,7300.1700000023,1,,
transc,26,recall-post,2,5,12365.48,1,JSYLT,JSYLT
transc,26,sentence-post,,,5095.9700000021,1,,
transc,26,sentence-post,,,3714.4550000015,1,,
transc,26,sentence-post,,,3573.7749999971,1,,
transc,26,sentence-post,,,5296.6049999958,1,,
transc,26,sentence-post,,,4946.6599999941,1,,
transc,26,recall-post,3,5,10418.640000004,1,PJNSY,PJNSY
transc,26,sentence-post,,,3238.4400000009,1,,
transc,26,sentence-post,,,3599.7050000005,1,,
transc,26,sentence-post,,,3536.4100000006,1,,
transc,26,sentence-post,,,4234.4900000026,1,,
transc,26,sentence-post,,,3491.5449999971,1,,
transc,26,sentence-post,,,4347.7949999943,1,,
transc,26,recall-post,4,6,12035.489999995,1,LYJTNR,LYJTNR
transc,26,sentence-post,,,3647.9449999966,1,,
transc,26,sentence-post,,,3475.4799999939,1,,
transc,26,sentence-post,,,4386.2799999984,1,,
transc,26,sentence-post,,,3657.3599999971,1,,
transc,26,sentence-post,,,5963.9250000035,1,,
transc,26,sentence-post,,,2947.5200000014,1,,
transc,26,recall-post,5,6,14946.454999997,1,JNYKQH,JNYKQH
transc,26,sentence-post,,,3377.2400000016,1,,
transc,26,sentence-post,,,4624.809999994,1,,
transc,26,sentence-post,,,3319.3750000065,1,,
transc,26,sentence-post,,,4982.1299999966,1,,
transc,26,recall-post,6,4,11061.419999998,1,SYFN,SYFN
control,29,sentence-pre,,,3519.1899999991,1,,
control,29,sentence-pre,,,5253.810000002,1,,
control,29,sentence-pre,,,4641.4049999948,1,,
control,29,sentence-pre,,,4799.3399999978,1,,
control,29,recall-pre,1,4,7290.4349999953,1,KJRT,KJRT
control,29,sentence-pre,,,3383.8849999956,1,,
control,29,sentence-pre,,,4667.2400000025,0,,
control,29,sentence-pre,,,3773.9299999957,1,,
control,29,sentence-pre,,,5038.1450000059,0,,
control,29,sentence-pre,,,5595.7999999955,1,,
control,29,sentence-pre,,,6348.8050000014,1,,
control,29,recall-pre,2,6,10386.420000003,1,FLJPTQ,FLJPTQ
control,29,sentence-pre,,,3052.1100000042,1,,
control,29,sentence-pre,,,4858.7800000023,0,,
control,29,sentence-pre,,,4563.645000002,1,,
control,29,sentence-pre,,,5022.3000000042,0,,
control,29,sentence-pre,,,5392.9450000069,1,,
control,29,recall-pre,3,5,8235.8600000007,1,PSRJF,PSRJF
control,29,sentence-pre,,,5617.3199999976,1,,
control,29,sentence-pre,,,4578.9049999948,1,,
control,29,sentence-pre,,,4704.4949999981,1,,
control,29,sentence-pre,,,3965.5800000037,1,,
control,29,sentence-pre,,,4140.9550000026,1,,
control,29,recall-pre,4,5,8288.5100000058,1,NSTKJ,NSTKJ
control,29,sentence-pre,,,4028.8,1,,
control,29,sentence-pre,,,6726.6349999991,1,,
control,29,sentence-pre,,,5859.4649999941,1,,
control,29,sentence-pre,,,7127.5249999962,1,,
control,29,sentence-pre,,,,0,,
control,29,sentence-pre,,,4454.310000001,1,,
control,29,recall-pre,5,6,58226.085000002,0,HYSTJR,HJPRY
control,29,sentence-pre,,,5916.1850000019,0,,
control,29,sentence-pre,,,6465.670000005,1,,
control,29,sentence-pre,,,4749.6800000008,1,,
control,29,sentence-pre,,,5225.8000000002,1,,
control,29,recall-pre,6,4,8926.9599999971,1,HLKN,HLKN
control,29,sentence-post,,,5985.6199999996,1,,
control,29,sentence-post,,,4439.9600000032,1,,
control,29,sentence-post,,,5750.1849999973,1,,
control,29,sentence-post,,,6589.0050000013,1,,
control,29,recall-post,1,4,9267.6999999969,1,JNSL,JNSL
control,29,sentence-post,,,3768.4550000047,1,,
control,29,sentence-post,,,4251.5049999999,1,,
control,29,sentence-post,,,4290.7749999943,0,,
control,29,sentence-post,,,5912.6050000051,1,,
control,29,recall-post,2,4,8087.339999998,0,RYNT,YRYNT
control,29,sentence-post,,,4263.5049999952,1,,
control,29,sentence-post,,,4350.2399999998,1,,
control,29,sentence-post,,,3510.79,1,,
control,29,sentence-post,,,4173.0150000001,1,,
control,29,sentence-post,,,5000.2899999963,1,,
control,29,sentence-post,,,3854.6500000013,1,,
control,29,recall-post,3,6,15662.329999999,0,PKQNJR,PKQNR
control,29,sentence-post,,,3749.3949999991,1,,
control,29,sentence-post,,,2897.0550000011,1,,
control,29,sentence-post,,,4708.4899999974,1,,
control,29,sentence-post,,,5775.855,0,,
control,29,sentence-post,,,4775.2749999999,1,,
control,29,sentence-post,,,5133.759999997,1,,
control,29,recall-post,4,6,8697.0900000017,0,QHLPFY,QHFLPY
control,29,sentence-post,,,4417.0100000049,1,,
control,29,sentence-post,,,4002.2150000003,1,,
control,29,sentence-post,,,5121.8599999989,1,,
control,29,sentence-post,,,3433.2949999953,1,,
control,29,sentence-post,,,5027.9549999977,1,,
control,29,recall-post,5,5,9020.6249999977,1,YRQFS,YRQFS
control,29,sentence-post,,,3648.1700000004,1,,
control,29,sentence-post,,,4163.3799999985,1,,
control,29,sentence-post,,,4299.3649999993,1,,
control,29,sentence-post,,,2561.6149999984,1,,
control,29,sentence-post,,,5555.5049999966,1,,
control,29,recall-post,6,5,7332.1399999987,1,RHQSP,RHQSP
control,32,sentence-pre,,,4598,1,,
control,32,sentence-pre,,,6234,1,,
control,32,sentence-pre,,,5975,1,,
control,32,sentence-pre,,,3816,1,,
control,32,sentence-pre,,,6661,1,,
control,32,recall-pre,1,5,6005,1,FLRTP,FLRTP
control,32,sentence-pre,,,5773,1,,
control,32,sentence-pre,,,3974,1,,
control,32,sentence-pre,,,7078,1,,
control,32,sentence-pre,,,4691,1,,
control,32,recall-pre,2,4,6531,1,RNSF,RNSF
control,32,sentence-pre,,,5585,1,,
control,32,sentence-pre,,,5593,1,,
control,32,sentence-pre,,,4896,1,,
control,32,sentence-pre,,,5346,1,,
control,32,recall-pre,3,4,5228,1,KHRF,KHRF
control,32,sentence-pre,,,5335,0,,
control,32,sentence-pre,,,4333,1,,
control,32,sentence-pre,,,4963,1,,
control,32,sentence-pre,,,4445,1,,
control,32,sentence-pre,,,4423,1,,
control,32,sentence-pre,,,5661,1,,
control,32,recall-pre,4,6,6203,1,HYLNJK,HYLNJK
control,32,sentence-pre,,,4338,1,,
control,32,sentence-pre,,,6651,0,,
control,32,sentence-pre,,,5074,1,,
control,32,sentence-pre,,,4175,1,,
control,32,sentence-pre,,,5784,1,,
control,32,sentence-pre,,,5450,1,,
control,32,recall-pre,5,6,8643,1,SPLNKF,SPLNKF
control,32,sentence-pre,,,3640,1,,
control,32,sentence-pre,,,6087.9999999999,1,,
control,32,sentence-pre,,,3837,1,,
control,32,sentence-pre,,,3141,1,,
control,32,sentence-pre,,,5142,1,,
control,32,recall-pre,6,5,6677,1,HKYPF,HKYPF
control,32,sentence-post,,,3683,1,,
control,32,sentence-post,,,3659,1,,
control,32,sentence-post,,,4963,1,,
control,32,sentence-post,,,5773,1,,
control,32,sentence-post,,,6932,1,,
control,32,sentence-post,,,5310,1,,
control,32,recall-post,1,6,6541.9999999995,1,HNYKJF,HNYKJF
control,32,sentence-post,,,6566,1,,
control,32,sentence-post,,,5312,0,,
control,32,sentence-post,,,7325,1,,
control,32,sentence-post,,,3647,1,,
control,32,sentence-post,,,4231,1,,
control,32,recall-post,2,5,4639,1,LKHPQ,LKHPQ
control,32,sentence-post,,,5665,1,,
control,32,sentence-post,,,3287,1,,
control,32,sentence-post,,,2299,1,,
control,32,sentence-post,,,3937,1,,
control,32,sentence-post,,,2150.0000000005,1,,
control,32,recall-post,3,5,6078,1,HTYLR,HTYLR
control,32,sentence-post,,,3113,1,,
control,32,sentence-post,,,3489,1,,
control,32,sentence-post,,,2240,1,,
control,32,sentence-post,,,4804.0000000005,1,,
control,32,recall-post,4,4,4102.0000000005,1,SNQJ,SNQJ
control,32,sentence-post,,,2998.0000000005,1,,
control,32,sentence-post,,,3364,1,,
control,32,sentence-post,,,3027,1,,
control,32,sentence-post,,,3064,1,,
control,32,recall-post,5,4,5716,1,FQRH,FQRH
control,32,sentence-post,,,3292,1,,
control,32,sentence-post,,,4209,1,,
control,32,sentence-post,,,2500,1,,
control,32,sentence-post,,,4782,1,,
control,32,sentence-post,,,2206,1,,
control,32,sentence-post,,,4187,1,,
control,32,recall-post,6,6,9668,1,NJPRKF,NJPRKF
control,30,sentence-pre,,,5728,0,,
control,30,sentence-pre,,,8707,1,,
control,30,sentence-pre,,,6114,1,,
control,30,sentence-pre,,,6753,1,,
control,30,recall-pre,1,4,9525,1,LNHY,LNHY
control,30,sentence-pre,,,6957,1,,
control,30,sentence-pre,,,7626,0,,
control,30,sentence-pre,,,7854,0,,
control,30,sentence-pre,,,6050,0,,
control,30,sentence-pre,,,6394,1,,
control,30,recall-pre,2,5,17501,0,TLJKN,TLJQN
control,30,sentence-pre,,,8312,0,,
control,30,sentence-pre,,,5387,1,,
control,30,sentence-pre,,,6171,1,,
control,30,sentence-pre,,,10238,1,,
control,30,sentence-pre,,,,0,,
control,30,sentence-pre,,,4315,0,,
control,30,recall-pre,3,6,17023,0,YRFQSN,YRFQSL
control,30,sentence-pre,,,6580,1,,
control,30,sentence-pre,,,6340,1,,
control,30,sentence-pre,,,5285,1,,
control,30,sentence-pre,,,4438,1,,
control,30,sentence-pre,,,5820.9999999999,1,,
control,30,recall-pre,4,5,20814,0,HSTJN,YSTJN
control,30,sentence-pre,,,7074,1,,
control,30,sentence-pre,,,,0,,
control,30,sentence-pre,,,5233.0000000001,1,,
control,30,sentence-pre,,,5973,1,,
control,30,sentence-pre,,,6334,0,,
control,30,sentence-pre,,,6974.9999999999,0,,
control,30,recall-pre,5,6,38462,0,RYHFPT,RYHFP
control,30,sentence-pre,,,8286,1,,
control,30,sentence-pre,,,8185.0000000001,1,,
control,30,sentence-pre,,,6583.0000000001,0,,
control,30,sentence-pre,,,6231,1,,
control,30,recall-pre,6,4,6499,1,THQL,THQL
control,30,sentence-post,,,6201,1,,
control,30,sentence-post,,,6006.9999999995,0,,
control,30,sentence-post,,,4183,0,,
control,30,sentence-post,,,1413,1,,
control,30,recall-post,1,4,14076,1,PSYK,PSYK
control,30,sentence-post,,,5756,0,,
control,30,sentence-post,,,6427.9999999995,0,,
control,30,sentence-post,,,5246,0,,
control,30,sentence-post,,,7696,0,,
control,30,recall-post,2,4,8484,1,QSPH,QSPH
control,30,sentence-post,,,7755,1,,
control,30,sentence-post,,,3453,0,,
control,30,sentence-post,,,6924,0,,
control,30,sentence-post,,,7104,0,,
control,30,sentence-post,,,8464,1,,
control,30,sentence-post,,,3713.0000000005,0,,
control,30,recall-post,3,6,13424,1,RKTPSL,RKTPSL
control,30,sentence-post,,,2798.0000000005,0,,
control,30,sentence-post,,,2329.0000000005,1,,
control,30,sentence-post,,,3691,0,,
control,30,sentence-post,,,1977,1,,
control,30,sentence-post,,,4350,1,,
control,30,sentence-post,,,3003,1,,
control,30,recall-post,4,6,11221,1,LNFJPS,LNFJPS
control,30,sentence-post,,,5030,1,,
control,30,sentence-post,,,7272,1,,
control,30,sentence-post,,,3624,1,,
control,30,sentence-post,,,7024,1,,
control,30,sentence-post,,,4839,1,,
control,30,recall-post,5,5,8791,0,SQFKT,SQFRT
control,30,sentence-post,,,8644,1,,
control,30,sentence-post,,,3345,1,,
control,30,sentence-post,,,7114,1,,
control,30,sentence-post,,,6147,1,,
control,30,sentence-post,,,4331,1,,
control,30,recall-post,6,5,8165,1,HQRTL,HQRTL
control,34,sentence-pre,,,6618.6749999979,0,,
control,34,sentence-pre,,,9009.5800000054,0,,
control,34,sentence-pre,,,6620.2950000006,1,,
control,34,sentence-pre,,,9704.7450000027,1,,
control,34,sentence-pre,,,6701.215000001,0,,
control,34,recall-pre,1,5,20950.805,1,PLNJQ,PLNJQ
control,34,sentence-pre,,,7867.2200000001,0,,
control,34,sentence-pre,,,7988.3049999989,1,,
control,34,sentence-pre,,,6148.2350000006,0,,
control,34,sentence-pre,,,8267.4849999967,1,,
control,34,sentence-pre,,,11684.695000004,1,,
control,34,sentence-pre,,,9887.2400000037,1,,
control,34,recall-pre,2,6,37798.045000003,0,RJLSKY,RLJY
control,34,sentence-pre,,,12596.140000001,0,,
control,34,sentence-pre,,,10462.925,1,,
control,34,sentence-pre,,,9002.2750000062,0,,
control,34,sentence-pre,,,7206.1299999987,1,,
control,34,recall-pre,3,4,11110.370000002,0,LFYK,RLJK
control,34,sentence-pre,,,9669.8000000033,1,,
control,34,sentence-pre,,,9034.9449999994,1,,
control,34,sentence-pre,,,7566.8450000012,1,,
control,34,sentence-pre,,,7918.4200000018,1,,
control,34,sentence-pre,,,4973.6149999953,1,,
control,34,sentence-pre,,,7022.1250000031,0,,
control,34,recall-pre,4,6,22333.455,0,SKPRTQ,SPJKQT
control,34,sentence-pre,,,13173.820000004,0,,
control,34,sentence-pre,,,,0,,
control,34,sentence-pre,,,12233.740000003,1,,
control,34,sentence-pre,,,8308.8800000041,0,,
control,34,recall-pre,5,4,25206.724999996,1,LKQT,LKQT
control,34,sentence-pre,,,8771.0050000023,1,,
control,34,sentence-pre,,,2364.4199999981,1,,
control,34,sentence-pre,,,11689.064999999,1,,
control,34,sentence-pre,,,5996.8049999952,1,,
control,34,sentence-pre,,,8004.1399999973,1,,
control,34,recall-pre,6,5,24028.985000004,0,HLFST,HFLST
control,34,sentence-post,,,11319.735000005,1,,
control,34,sentence-post,,,9218.2499999981,1,,
control,34,sentence-post,,,6676.7049999982,0,,
control,34,sentence-post,,,9049.5249999948,1,,
control,34,sentence-post,,,14572.645,1,,
control,34,recall-post,1,5,18957.580000002,0,NLRFK,NLRSK
control,34,sentence-post,,,10892.775,0,,
control,34,sentence-post,,,10293.600000004,0,,
control,34,sentence-post,,,10332.020000002,0,,
control,34,sentence-post,,,7843.7400000039,0,,
control,34,sentence-post,,,7890.7550000004,1,,
control,34,recall-post,2,5,13133.925000002,0,TQFRH,TQFR
control,34,sentence-post,,,6973.5099999965,1,,
control,34,sentence-post,,,15172.254999998,1,,
control,34,sentence-post,,,10204.299999998,1,,
control,34,sentence-post,,,8110.655000004,1,,
control,34,sentence-post,,,5414.1650000019,1,,
control,34,sentence-post,,,6663.3149999981,1,,
control,34,recall-post,3,6,15678.354999997,0,QTPNRF,NQKLP
control,34,sentence-post,,,8541.0950000007,1,,
control,34,sentence-post,,,8460.7299999991,1,,
control,34,sentence-post,,,10727.959999996,1,,
control,34,sentence-post,,,12511.145000004,1,,
control,34,recall-post,4,4,21310.680000002,0,HRFS,QLNS
control,34,sentence-post,,,7372.9450000026,1,,
control,34,sentence-post,,,7069.5050000069,1,,
control,34,sentence-post,,,6415.7100000009,1,,
control,34,sentence-post,,,8968.4649999985,1,,
control,34,sentence-post,,,7244.7850000029,1,,
control,34,sentence-post,,,4082.1849999996,1,,
control,34,recall-post,5,6,25642.095000003,0,HYKTRJ,HNFYLJ
control,34,sentence-post,,,7410.2850000053,1,,
control,34,sentence-post,,,9251.2799999965,0,,
control,34,sentence-post,,,11316.67,1,,
control,34,sentence-post,,,10797.350000001,1,,
control,34,recall-post,6,4,10573.539999998,0,LJTN,LPN
control,36,sentence-pre,,,2697.3150000013,1,,
control,36,sentence-pre,,,2740.8599999981,1,,
control,36,sentence-pre,,,3533.4699999985,1,,
control,36,sentence-pre,,,5105.1899999984,1,,
control,36,sentence-pre,,,4101.6100000015,1,,
control,36,recall-pre,1,5,5637.3450000028,1,RYSNQ,RYSNQ
control,36,sentence-pre,,,,0,,
control,36,sentence-pre,,,3894.3099999997,1,,
control,36,sentence-pre,,,3522.2049999975,1,,
control,36,sentence-pre,,,2250.0049999981,1,,
control,36,recall-pre,2,4,3601.534999998,1,FLYJ,FLYJ
control,36,sentence-pre,,,3027.7650000025,1,,
control,36,sentence-pre,,,2667.05,1,,
control,36,sentence-pre,,,3287.5299999978,1,,
control,36,sentence-pre,,,2603.5150000025,1,,
control,36,sentence-pre,,,5254.3799999985,1,,
control,36,recall-pre,3,5,5485.9800000013,1,KHPFQ,KHPFQ
control,36,sentence-pre,,,3170.5300000031,1,,
control,36,sentence-pre,,,3416.1700000004,1,,
control,36,sentence-pre,,,2046.9200000007,1,,
control,36,sentence-pre,,,2647.1700000002,1,,
control,36,sentence-pre,,,4485.3599999987,1,,
control,36,sentence-pre,,,3253.0699999988,1,,
control,36,recall-pre,4,6,10524.624999998,1,KRSFHL,KRSFHL
control,36,sentence-pre,,,4134.5299999993,1,,
control,36,sentence-pre,,,4901.034999999,1,,
control,36,sentence-pre,,,4676.2149999995,1,,
control,36,sentence-pre,,,7010.0249999996,1,,
control,36,sentence-pre,,,3345.4450000026,1,,
control,36,sentence-pre,,,5227.8749999969,1,,
control,36,recall-pre,5,6,11083.759999998,0,YSFTKR,FSFKTR
control,36,sentence-pre,,,6547.6300000009,1,,
control,36,sentence-pre,,,4066.5200000003,1,,
control,36,sentence-pre,,,2279.3999999994,1,,
control,36,sentence-pre,,,1702.7450000023,1,,
control,36,recall-pre,6,4,5903.795000002,1,JNQT,JNQT
control,36,sentence-post,,,4686.4249999998,1,,
control,36,sentence-post,,,3976.2850000006,1,,
control,36,sentence-post,,,3235.9099999995,1,,
control,36,sentence-post,,,2441.429999999,1,,
control,36,sentence-post,,,5212.1150000021,1,,
control,36,recall-post,1,5,4295.1700000013,1,QLYNP,QLYNP
control,36,sentence-post,,,3761.5550000011,1,,
control,36,sentence-post,,,4685.4399999974,1,,
control,36,sentence-post,,,,0,,
control,36,sentence-post,,,6135.2249999982,1,,
control,36,recall-post,2,4,5073.8600000003,1,LQYH,LQYH
control,36,sentence-post,,,4173.2649999976,1,,
control,36,sentence-post,,,2882.0799999996,1,,
control,36,sentence-post,,,2635.1199999989,1,,
control,36,sentence-post,,,2563.0700000003,1,,
control,36,sentence-post,,,4125.355,1,,
control,36,sentence-post,,,4797.784999999,1,,
control,36,recall-post,3,6,6147.3699999987,0,JSHPFR,JHSPFR
control,36,sentence-post,,,2599.7349999999,1,,
control,36,sentence-post,,,3368.8800000018,1,,
control,36,sentence-post,,,4132.7050000001,1,,
control,36,sentence-post,,,2767.1499999997,1,,
control,36,sentence-post,,,2779.1100000031,1,,
control,36,sentence-post,,,5616.7700000005,1,,
control,36,recall-post,4,6,5763.4099999995,0,QPJRNF,QPJRFF
control,36,sentence-post,,,4998.2799999998,1,,
control,36,sentence-post,,,4526.6249999986,1,,
control,36,sentence-post,,,1924.2950000006,1,,
control,36,sentence-post,,,5002.9399999985,1,,
control,36,recall-post,5,4,3481.5850000014,1,YTQP,YTQP
control,36,sentence-post,,,3971.3650000012,1,,
control,36,sentence-post,,,1944.7599999984,1,,
control,36,sentence-post,,,3670.8150000013,1,,
control,36,sentence-post,,,1454.1800000006,1,,
control,36,sentence-post,,,3199.0000000005,1,,
control,36,recall-post,6,5,7425.0749999993,1,FQJNH,FQJNH
control,38,sentence-pre,,,2766.1250000001,1,,
control,38,sentence-pre,,,1946.5249999994,1,,
control,38,sentence-pre,,,2396.7599999996,1,,
control,38,sentence-pre,,,1513.2600000006,1,,
control,38,sentence-pre,,,2076.6000000003,1,,
control,38,recall-pre,1,5,6090.0249999995,1,PHKLN,PHKLN
control,38,sentence-pre,,,2606.7899999998,1,,
control,38,sentence-pre,,,1329.5500000004,1,,
control,38,sentence-pre,,,2087.7449999998,1,,
control,38,sentence-pre,,,1162.4099999999,1,,
control,38,sentence-pre,,,1502.0900000009,1,,
control,38,sentence-pre,,,2937.4049999997,1,,
control,38,recall-pre,2,6,5972.9299999999,1,LSYQRT,LSYQRT
control,38,sentence-pre,,,1866.1200000006,1,,
control,38,sentence-pre,,,2202.73,1,,
control,38,sentence-pre,,,1822.4449999998,1,,
control,38,sentence-pre,,,1632.7849999998,1,,
control,38,recall-pre,3,4,4470.6849999993,1,NHSJ,NHSJ
control,38,sentence-pre,,,1704.4450000003,1,,
control,38,sentence-pre,,,1438.8650000001,1,,
control,38,sentence-pre,,,1496.9700000001,1,,
control,38,sentence-pre,,,3243.8750000001,1,,
control,38,sentence-pre,,,1590.94,1,,
control,38,recall-pre,4,5,3813.0899999996,1,SJLYP,SJLYP
control,38,sentence-pre,,,2926.7299999992,1,,
control,38,sentence-pre,,,1104.4500000007,1,,
control,38,sentence-pre,,,1447.9999999994,1,,
control,38,sentence-pre,,,1326.8250000001,1,,
control,38,sentence-pre,,,1758.2250000005,1,,
control,38,sentence-pre,,,1944.5649999998,1,,
control,38,recall-pre,5,6,8681.6800000006,0,HSJKPY,SHJKPY
control,38,sentence-pre,,,1835.0650000002,1,,
control,38,sentence-pre,,,2711.4649999994,1,,
control,38,sentence-pre,,,1955.8700000007,1,,
control,38,sentence-pre,,,1735.4650000006,1,,
control,38,recall-pre,6,4,4833.67,1,STJH,STJH
control,38,sentence-post,,,2838.8400000003,1,,
control,38,sentence-post,,,3752.9699999995,1,,
control,38,sentence-post,,,2065.8900000008,1,,
control,38,sentence-post,,,2646.9650000001,1,,
control,38,sentence-post,,,2820.7299999995,1,,
control,38,recall-post,1,5,5495.5499999996,1,YHPTQ,YHPTQ
control,38,sentence-post,,,5557.1100000006,0,,
control,38,sentence-post,,,2862.2949999999,1,,
control,38,sentence-post,,,3084.28,1,,
control,38,sentence-post,,,3837.1900000002,1,,
control,38,recall-post,2,4,5175.7850000004,1,NPYT,NPYT
control,38,sentence-post,,,3585.8349999997,1,,
control,38,sentence-post,,,2677.3249999997,1,,
control,38,sentence-post,,,3305.9649999996,1,,
control,38,sentence-post,,,2477.1000000001,1,,
control,38,sentence-post,,,2574.1449999996,1,,
control,38,recall-post,3,5,5037.0199999998,1,FHPTQ,FHPTQ
control,38,sentence-post,,,2542.7199999995,1,,
control,38,sentence-post,,,2042.8599999996,1,,
control,38,sentence-post,,,2565.8650000005,1,,
control,38,sentence-post,,,3489.2550000004,1,,
control,38,sentence-post,,,2192.4049999998,1,,
control,38,sentence-post,,,3422.7749999999,1,,
control,38,recall-post,4,6,5120.9150000005,1,JPTFRQ,JPTFRQ
control,38,sentence-post,,,3176.7950000004,1,,
control,38,sentence-post,,,3178.7899999998,1,,
control,38,sentence-post,,,2589.0500000005,1,,
control,38,sentence-post,,,2542.3099999998,1,,
control,38,sentence-post,,,3526.3000000005,1,,
control,38,sentence-post,,,2208.0699999996,1,,
control,38,recall-post,5,6,7117.7200000002,1,JPLHFS,JPLHFS
control,38,sentence-post,,,2540.5899999996,1,,
control,38,sentence-post,,,3579.635,1,,
control,38,sentence-post,,,2554.1600000006,1,,
control,38,sentence-post,,,2840.0049999999,1,,
control,38,recall-post,6,4,4172.2549999997,1,NTQH,NTQH
control,40,sentence-pre,,,4647.0349999727,0,,
control,40,sentence-pre,,,5208.8399999775,0,,
control,40,sentence-pre,,,5598.0050000362,1,,
control,40,sentence-pre,,,6075.3849999746,0,,
control,40,sentence-pre,,,,0,,
control,40,sentence-pre,,,,0,,
control,40,recall-pre,1,6,15620.544999954,0,SYKRFJ,FKSYR
control,40,sentence-pre,,,5472.9700000025,1,,
control,40,sentence-pre,,,4116.3350000279,0,,
control,40,sentence-pre,,,5813.1250000442,1,,
control,40,sentence-pre,,,,0,,
control,40,sentence-pre,,,5423.7449999782,0,,
control,40,recall-pre,2,5,12831.319999998,0,PFSQN,P_SQ_
control,40,sentence-pre,,,5544.7949999943,0,,
control,40,sentence-pre,,,4588.0950000137,1,,
control,40,sentence-pre,,,,0,,
control,40,sentence-pre,,,5692.2650000197,1,,
control,40,recall-pre,3,4,5974.7799999896,1,QRYF,QRYF
control,40,sentence-pre,,,,0,,
control,40,sentence-pre,,,5018.0650000111,1,,
control,40,sentence-pre,,,3527.2649999824,1,,
control,40,sentence-pre,,,5865.2499999735,1,,
control,40,sentence-pre,,,4801.5100000193,1,,
control,40,recall-pre,4,5,9890.4299999704,0,YTKHQ,KRYHT
control,40,sentence-pre,,,4889.4299999811,1,,
control,40,sentence-pre,,,4415.7899999991,1,,
control,40,sentence-pre,,,4621.8349999981,0,,
control,40,sentence-pre,,,5182.8499999829,1,,
control,40,sentence-pre,,,4706.5799999982,0,,
control,40,sentence-pre,,,3842.2850000206,1,,
control,40,recall-pre,5,6,10036.569999997,0,QSLRKN,QSTYN
control,40,sentence-pre,,,4934.3400000362,1,,
control,40,sentence-pre,,,4548.8800000167,1,,
control,40,sentence-pre,,,4921.6799999704,1,,
control,40,sentence-pre,,,5765.0950000389,1,,
control,40,recall-pre,6,4,10397.129999998,0,NSPF,TS___
control,40,sentence-post,,,4204.1150000296,1,,
control,40,sentence-post,,,5037.3549999786,0,,
control,40,sentence-post,,,3564.0150000108,0,,
control,40,sentence-post,,,4756.7399999825,1,,
control,40,sentence-post,,,4177.005000005,0,,
control,40,recall-post,1,5,10048.14499995,1,HPSFK,HPSFK
control,40,sentence-post,,,5340.6550000072,1,,
control,40,sentence-post,,,4358.024999965,1,,
control,40,sentence-post,,,4792.9250000161,1,,
control,40,sentence-post,,,5482.5600000331,0,,
control,40,sentence-post,,,4217.0250000199,0,,
control,40,sentence-post,,,4332.4600000051,1,,
control,40,recall-post,2,6,7934.2299999553,0,NQSLJT,NQSLJ
control,40,sentence-post,,,4183.245000022,0,,
control,40,sentence-post,,,5035.1299999747,1,,
control,40,sentence-post,,,4453.3199999714,1,,
control,40,sentence-post,,,3902.1749999956,1,,
control,40,sentence-post,,,3608.8050000253,1,,
control,40,recall-post,3,5,5471.9349999796,0,LSYPQ,SLYPQ
control,40,sentence-post,,,4599.990000017,1,,
control,40,sentence-post,,,4811.6550000268,1,,
control,40,sentence-post,,,2675.4799999762,1,,
control,40,sentence-post,,,4611.9250000338,1,,
control,40,recall-post,4,4,9317.4350000336,0,HQRJ,HQS_
control,40,sentence-post,,,4566.5400000289,1,,
control,40,sentence-post,,,4618.4149999754,1,,
control,40,sentence-post,,,4145.5150000402,1,,
control,40,sentence-post,,,3938.6649999651,1,,
control,40,sentence-post,,,5558.154999977,1,,
control,40,sentence-post,,,5118.6250000028,1,,
control,40,recall-post,5,6,11405.090000015,0,QFLKSH,Q_LHKY
control,40,sentence-post,,,4377.685000014,1,,
control,40,sentence-post,,,4240.9700000426,1,,
control,40,sentence-post,,,2928.3000000287,1,,
control,40,sentence-post,,,5898.0149999843,0,,
control,40,recall-post,6,4,5296.6749999905,0,NHJL,NTHJ
control,42,sentence-pre,,,3957.1,1,,
control,42,sentence-pre,,,4915.1,1,,
control,42,sentence-pre,,,4922.6,1,,
control,42,sentence-pre,,,3986.7,1,,
control,42,recall-pre,1,4,7081.5,0,FKHJ,YKHJ
control,42,sentence-pre,,,4090,1,,
control,42,sentence-pre,,,,0,,
control,42,sentence-pre,,,5239.7,1,,
control,42,sentence-pre,,,,0,,
control,42,recall-pre,2,4,18324.7,0,JPKR,JKLR
control,42,sentence-pre,,,5701.4,1,,
control,42,sentence-pre,,,3456.4,1,,
control,42,sentence-pre,,,4752.9,1,,
control,42,sentence-pre,,,,0,,
control,42,sentence-pre,,,5545.3,1,,
control,42,recall-pre,3,5,20432.7,0,HPTQR,HPQR
control,42,sentence-pre,,,,0,,
control,42,sentence-pre,,,4652.6,1,,
control,42,sentence-pre,,,3273.9,1,,
control,42,sentence-pre,,,4137.2,0,,
control,42,sentence-pre,,,4605.1,1,,
control,42,recall-pre,4,5,8151,1,SNPKL,SNPKL
control,42,sentence-pre,,,3519.8,1,,
control,42,sentence-pre,,,3182.2,1,,
control,42,sentence-pre,,,2971.3,1,,
control,42,sentence-pre,,,,0,,
control,42,sentence-pre,,,4067.4,0,,
control,42,sentence-pre,,,4930.2,1,,
control,42,recall-pre,5,6,18860.6,0,FKLSYR,FNPSQ
control,42,sentence-pre,,,5388.6,1,,
control,42,sentence-pre,,,3074,1,,
control,42,sentence-pre,,,4598.5,1,,
control,42,sentence-pre,,,2967.9,1,,
control,42,sentence-pre,,,4241.4,1,,
control,42,sentence-pre,,,6163.7,1,,
control,42,recall-pre,6,6,6151.8,0,PHKNJQ,PHKNQ
control,42,sentence-post,,,4120.7000000002,1,,
control,42,sentence-post,,,4480,1,,
control,42,sentence-post,,,4753.0999999996,1,,
control,42,sentence-post,,,4428.6000000001,1,,
control,42,sentence-post,,,,0,,
control,42,sentence-post,,,5920.5,1,,
control,42,recall-post,1,6,14885.4,0,FSQYHJ,FSQYJH
control,42,sentence-post,,,4651.0999999996,0,,
control,42,sentence-post,,,4081.1000000001,0,,
control,42,sentence-post,,,5036.1000000001,1,,
control,42,sentence-post,,,4780.3000000003,1,,
control,42,recall-post,2,4,19367,1,LHQS,LHQS
control,42,sentence-post,,,3353.5999999996,1,,
control,42,sentence-post,,,,0,,
control,42,sentence-post,,,5361.8999999999,1,,
control,42,sentence-post,,,4248.3999999999,1,,
control,42,recall-post,3,4,4356.8000000003,0,SRTL,STL
control,42,sentence-post,,,3069.2999999998,1,,
control,42,sentence-post,,,2363.2999999998,1,,
control,42,sentence-post,,,3390.2999999998,1,,
control,42,sentence-post,,,3783.3999999999,1,,
control,42,sentence-post,,,3197,1,,
control,42,recall-post,4,5,6625.7999999998,1,TJPQS,TJPQS
control,42,sentence-post,,,4312,1,,
control,42,sentence-post,,,5783.3999999999,1,,
control,42,sentence-post,,,3972.3000000003,1,,
control,42,sentence-post,,,5979.6999999997,1,,
control,42,sentence-post,,,3102.5,1,,
control,42,sentence-post,,,4298.6999999997,1,,
control,42,recall-post,5,6,9349.1999999997,0,QFJHSP,JSP
control,42,sentence-post,,,5405.7999999998,1,,
control,42,sentence-post,,,3111.3999999999,1,,
control,42,sentence-post,,,4853.1000000001,1,,
control,42,sentence-post,,,3426.6000000001,1,,
control,42,sentence-post,,,4997.5,1,,
control,42,recall-post,6,5,7167.7000000002,0,RKYQT,RKYT
control,46,sentence-pre,,,7159.4750000513,1,,
control,46,sentence-pre,,,7112.4999999884,1,,
control,46,sentence-pre,,,7830.5449999752,1,,
control,46,sentence-pre,,,6477.6399999973,1,,
control,46,sentence-pre,,,6105.979999993,1,,
control,46,recall-pre,1,5,15698.124999995,0,JQRPF,JPQR
control,46,sentence-pre,,,8105.4349999758,1,,
control,46,sentence-pre,,,13328.225000005,1,,
control,46,sentence-pre,,,9046.8950000359,0,,
control,46,sentence-pre,,,,0,,
control,46,sentence-pre,,,8485.8749999548,1,,
control,46,sentence-pre,,,10315.474999952,1,,
control,46,recall-pre,2,6,7800.1850000001,0,YHQLPJ,
control,46,sentence-pre,,,12358.805000025,1,,
control,46,sentence-pre,,,8065.260000003,1,,
control,46,sentence-pre,,,8790.7649999834,0,,
control,46,sentence-pre,,,6444.2750000162,1,,
control,46,sentence-pre,,,8152.6000000304,1,,
control,46,sentence-pre,,,9530.1650000038,0,,
control,46,recall-pre,3,6,15539.415000007,0,LSQYFR,SLQYS
control,46,sentence-pre,,,10162.810000009,0,,
control,46,sentence-pre,,,6170.764999988,1,,
control,46,sentence-pre,,,8432.770000014,1,,
control,46,sentence-pre,,,8825.7200000226,1,,
control,46,recall-pre,4,4,12911.454999994,0,FSKY,FLKY
control,46,sentence-pre,,,7701.6850000364,1,,
control,46,sentence-pre,,,10575.245000015,1,,
control,46,sentence-pre,,,13494.550000003,1,,
control,46,sentence-pre,,,10976.69000004,1,,
control,46,sentence-pre,,,11035.455000005,1,,
control,46,recall-pre,5,5,15572.450000036,0,RJYTP,SRYT
control,46,sentence-pre,,,15537.320000003,0,,
control,46,sentence-pre,,,10595.13500001,1,,
control,46,sentence-pre,,,7399.9450000119,1,,
control,46,sentence-pre,,,9268.0300000357,1,,
control,46,recall-pre,6,4,7745.6000000238,0,LPST,SLPT
control,46,sentence-post,,,,0,,
control,46,sentence-post,,,8004.7699999996,1,,
control,46,sentence-post,,,7743.3200000087,1,,
control,46,sentence-post,,,8212.910000002,1,,
control,46,recall-post,1,4,2362.4200000195,0,KFTQ,
control,46,sentence-post,,,7955.959999992,1,,
control,46,sentence-post,,,8200.045000005,1,,
control,46,sentence-post,,,14275.575000036,1,,
control,46,sentence-post,,,7946.2649999768,0,,
control,46,sentence-post,,,13294.82000001,1,,
control,46,sentence-post,,,11753.725000017,1,,
control,46,recall-post,2,6,26195.485000033,0,NQYTKP,NSYTP
control,46,sentence-post,,,8520.4099999974,1,,
control,46,sentence-post,,,9054.7450000304,0,,
control,46,sentence-post,,,13030.635000032,1,,
control,46,sentence-post,,,7837.3550000251,1,,
control,46,sentence-post,,,13358.284999966,1,,
control,46,recall-post,3,5,16215.564999962,0,YKSRH,YTFSH
control,46,sentence-post,,,8628.3849999891,1,,
control,46,sentence-post,,,17327.649999992,0,,
control,46,sentence-post,,,9449.5999999926,1,,
control,46,sentence-post,,,8467.6099999924,1,,
control,46,recall-post,4,4,8235.9249999863,0,YJNS,YJS
control,46,sentence-post,,,12820.914999989,1,,
control,46,sentence-post,,,,0,,
control,46,sentence-post,,,11371.890000009,1,,
control,46,sentence-post,,,8598.9600000321,1,,
control,46,sentence-post,,,8023.4650000348,1,,
control,46,recall-post,5,5,11071.375,0,YPKTR,YSTKR
control,46,sentence-post,,,8030.4899999755,1,,
control,46,sentence-post,,,5622.5100000156,1,,
control,46,sentence-post,,,7202.665000048,1,,
control,46,sentence-post,,,9894.1250000498,1,,
control,46,sentence-post,,,7114.0850000083,1,,
control,46,sentence-post,,,7327.3899999913,1,,
control,46,recall-post,6,6,28115.344999998,0,TPJKQL,TPJKQ
control,50,sentence-pre,,,3584.8649996333,1,,
control,50,sentence-pre,,,3326.82499988,1,,
control,50,sentence-pre,,,2853.0600001104,1,,
control,50,sentence-pre,,,3797.4749999121,1,,
control,50,sentence-pre,,,4776.699999813,1,,
control,50,sentence-pre,,,,0,,
control,50,recall-pre,1,6,16068.424999714,0,YSNPHL,SYNPHL
control,50,sentence-pre,,,2689.9749999866,1,,
control,50,sentence-pre,,,4000.6749997847,1,,
control,50,sentence-pre,,,5126.3099997304,1,,
control,50,sentence-pre,,,3741.5749998763,1,,
control,50,recall-pre,2,4,8576.4500000514,1,YPSJ,YPSJ
control,50,sentence-pre,,,4798.3349999413,1,,
control,50,sentence-pre,,,5064.7150003351,1,,
control,50,sentence-pre,,,3334.7800001502,1,,
control,50,sentence-pre,,,5289.7049998865,1,,
control,50,recall-pre,3,4,11976.915000007,1,TPHJ,TPHJ
control,50,sentence-pre,,,3229.2500003241,1,,
control,50,sentence-pre,,,3345.244999975,1,,
control,50,sentence-pre,,,3307.2550003417,1,,
control,50,sentence-pre,,,2950.9350000881,1,,
control,50,sentence-pre,,,3495.8549998701,1,,
control,50,sentence-pre,,,5057.8400003724,1,,
control,50,recall-pre,4,6,14198.540000245,1,RSJHNY,RSJHNY
control,50,sentence-pre,,,3199.3950000033,1,,
control,50,sentence-pre,,,2650.2449996769,1,,
control,50,sentence-pre,,,5785.4999997653,1,,
control,50,sentence-pre,,,3542.6699998789,1,,
control,50,sentence-pre,,,4296.3899997994,0,,
control,50,recall-pre,5,5,19797.879999969,1,FKSNR,FKSNR
control,50,sentence-pre,,,3124.7950000688,1,,
control,50,sentence-pre,,,4082.620000001,1,,
control,50,sentence-pre,,,4551.3849998824,1,,
control,50,sentence-pre,,,4560.7549999841,1,,
control,50,sentence-pre,,,3415.5950001441,1,,
control,50,recall-pre,6,5,11726.715000346,1,PSLYN,PSLYN
control,50,sentence-post,,,4259.8500000313,1,,
control,50,sentence-post,,,5020.4900000244,0,,
control,50,sentence-post,,,3606.9799996912,1,,
control,50,sentence-post,,,5295.5499999225,1,,
control,50,sentence-post,,,5095.1149999164,1,,
control,50,recall-post,1,5,11341.765000019,1,TQSLK,TQSLK
control,50,sentence-post,,,4144.3149996921,1,,
control,50,sentence-post,,,3359.1500003822,0,,
control,50,sentence-post,,,5248.4450000338,1,,
control,50,sentence-post,,,4400.5499999039,1,,
control,50,recall-post,2,4,12332.529999781,1,KNRF,KNRF
control,50,sentence-post,,,3615.5249997973,1,,
control,50,sentence-post,,,5072.329999879,1,,
control,50,sentence-post,,,6055.5449998938,1,,
control,50,sentence-post,,,3840.2249999344,1,,
control,50,recall-post,3,4,8845.9350001067,1,TJSY,TJSY
control,50,sentence-post,,,3025.7249996066,1,,
control,50,sentence-post,,,5615.4350000434,1,,
control,50,sentence-post,,,3552.7400001884,1,,
control,50,sentence-post,,,4165.2350001968,1,,
control,50,sentence-post,,,3879.3200002983,1,,
control,50,sentence-post,,,4496.4499999769,1,,
control,50,recall-post,4,6,36139.620000031,1,QTRFYJ,QTRFYJ
control,50,sentence-post,,,3974.5299997739,1,,
control,50,sentence-post,,,3359.3600001186,1,,
control,50,sentence-post,,,5214.2950003035,1,,
control,50,sentence-post,,,3240.2999997139,1,,
control,50,sentence-post,,,3798.1849997304,1,,
control,50,sentence-post,,,5807.1400001645,1,,
control,50,recall-post,5,6,13910.154999699,1,NQLTRJ,NQLTRJ
control,50,sentence-post,,,2512.3050003313,1,,
control,50,sentence-post,,,4121.9000001438,1,,
control,50,sentence-post,,,6072.0149995759,1,,
control,50,sentence-post,,,3597.9800000787,1,,
control,50,sentence-post,,,3919.6450002491,1,,
control,50,recall-post,6,5,14277.325000148,1,THRJQ,THRJQ
