,groupe,subject_id,part,set_number,size,rt,correct,correct_letters,letters_recalled,sim,dist
0,transc,2,sentence-pre,,,3531.329999998,1,,,1.0,0.0
1,transc,2,sentence-pre,,,4600.3350000246,1,,,1.0,0.0
2,transc,2,sentence-pre,,,4390.4200000106,1,,,1.0,0.0
3,transc,2,sentence-pre,,,7235.4399999895,0,,,1.0,0.0
4,transc,2,recall-pre,1.0,4.0,8021.2199999951,0,HKLN,HKNL,0.5,0.5
5,transc,2,sentence-pre,,,4063.914999977,1,,,1.0,0.0
6,transc,2,sentence-pre,,,6015.7400000026,1,,,1.0,0.0
7,transc,2,sentence-pre,,,5969.8799999896,1,,,1.0,0.0
8,transc,2,sentence-pre,,,7137.6650000166,0,,,1.0,0.0
9,transc,2,sentence-pre,,,4722.929999989,1,,,1.0,0.0
10,transc,2,sentence-pre,,,4337.2299999755,1,,,1.0,0.0
11,transc,2,recall-pre,2.0,6.0,7489.8099999991,0,TNPQLS,TNRQLS,0.8333333333333334,0.16666666666666666
12,transc,2,sentence-pre,,,6651.6150000098,1,,,1.0,0.0
13,transc,2,sentence-pre,,,4415.6099999964,0,,,1.0,0.0
14,transc,2,sentence-pre,,,2714.7850000183,1,,,1.0,0.0
15,transc,2,sentence-pre,,,4331.4700000046,0,,,1.0,0.0
16,transc,2,recall-pre,3.0,4.0,4320.4149999947,1,FRQL,FRQL,1.0,0.0
17,transc,2,sentence-pre,,,4353.6599999934,1,,,1.0,0.0
18,transc,2,sentence-pre,,,6488.2849999995,1,,,1.0,0.0
19,transc,2,sentence-pre,,,12269.86499998,1,,,1.0,0.0
20,transc,2,sentence-pre,,,10257.975000015,1,,,1.0,0.0
21,transc,2,sentence-pre,,,3246.4150000014,1,,,1.0,0.0
22,transc,2,recall-pre,4.0,5.0,5688.4149999823,0,SYJPK,JPK,0.6,0.4
23,transc,2,sentence-pre,,,3840.7000000007,1,,,1.0,0.0
24,transc,2,sentence-pre,,,4684.5949999988,1,,,1.0,0.0
25,transc,2,sentence-pre,,,11266.21999999,0,,,1.0,0.0
26,transc,2,sentence-pre,,,9648.7100000086,0,,,1.0,0.0
27,transc,2,sentence-pre,,,3444.2500000005,1,,,1.0,0.0
28,transc,2,sentence-pre,,,9117.0500000007,0,,,1.0,0.0
29,transc,2,recall-pre,5.0,6.0,6060.5400000059,0,KLYSQH,TKSL,0.16666666666666663,0.8333333333333334
30,transc,2,sentence-pre,,,5759.9950000003,1,,,1.0,0.0
31,transc,2,sentence-pre,,,8375.8350000135,1,,,1.0,0.0
32,transc,2,sentence-pre,,,5563.0349999992,1,,,1.0,0.0
33,transc,2,sentence-pre,,,18335.41,0,,,1.0,0.0
34,transc,2,sentence-pre,,,5648.1150000182,1,,,1.0,0.0
35,transc,2,recall-pre,6.0,5.0,5690.7300000021,1,HJRKS,HJRKS,1.0,0.0
36,transc,2,sentence-post,,,11159.09999999,1,,,1.0,0.0
37,transc,2,sentence-post,,,5661.9900000226,1,,,1.0,0.0
38,transc,2,sentence-post,,,3236.6699999841,0,,,1.0,0.0
39,transc,2,sentence-post,,,2856.4250000054,1,,,1.0,0.0
40,transc,2,sentence-post,,,4114.1500000083,0,,,1.0,0.0
41,transc,2,sentence-post,,,9724.4050000156,1,,,1.0,0.0
42,transc,2,recall-post,1.0,6.0,5112.0850000004,1,HPYQSR,HPYQSR,1.0,0.0
43,transc,2,sentence-post,,,6011.4999999935,0,,,1.0,0.0
44,transc,2,sentence-post,,,3082.5499999914,0,,,1.0,0.0
45,transc,2,sentence-post,,,12586.869999999,1,,,1.0,0.0
46,transc,2,sentence-post,,,7039.7499999963,1,,,1.0,0.0
47,transc,2,sentence-post,,,2965.4000000153,0,,,1.0,0.0
48,transc,2,recall-post,2.0,5.0,6257.4650000022,0,RJYSK,YSRP,0.19999999999999996,0.8
49,transc,2,sentence-post,,,2983.7150000096,1,,,1.0,0.0
50,transc,2,sentence-post,,,2567.5000000047,1,,,1.0,0.0
51,transc,2,sentence-post,,,3793.2199999923,1,,,1.0,0.0
52,transc,2,sentence-post,,,3800.45000001,1,,,1.0,0.0
53,transc,2,recall-post,3.0,4.0,5451.0900000171,1,THJF,THJF,1.0,0.0
54,transc,2,sentence-post,,,3379.3000000007,1,,,1.0,0.0
55,transc,2,sentence-post,,,2962.760000024,1,,,1.0,0.0
56,transc,2,sentence-post,,,4364.9799999837,1,,,1.0,0.0
57,transc,2,sentence-post,,,3308.1649999949,1,,,1.0,0.0
58,transc,2,sentence-post,,,3774.62500002,1,,,1.0,0.0
59,transc,2,sentence-post,,,3894.6399999838,1,,,1.0,0.0
60,transc,2,recall-post,4.0,6.0,6016.0100000212,0,YSQFTL,TQLTF,0.33333333333333337,0.6666666666666666
61,transc,2,sentence-post,,,2841.5899999966,1,,,1.0,0.0
62,transc,2,sentence-post,,,3044.8299999991,1,,,1.0,0.0
63,transc,2,sentence-post,,,3186.9849999784,1,,,1.0,0.0
64,transc,2,sentence-post,,,4366.3299999898,1,,,1.0,0.0
65,transc,2,recall-post,5.0,4.0,4081.3750000088,0,TNFR,TNFL,0.75,0.25
66,transc,2,sentence-post,,,3552.8549999874,1,,,1.0,0.0
67,transc,2,sentence-post,,,2545.9949999927,1,,,1.0,0.0
68,transc,2,sentence-post,,,6670.5000000075,1,,,1.0,0.0
69,transc,2,sentence-post,,,2885.4349999749,1,,,1.0,0.0
70,transc,2,sentence-post,,,2972.6749999975,1,,,1.0,0.0
71,transc,2,recall-post,6.0,5.0,5326.7349999808,0,LPRFH,TPFL,0.4,0.6
72,transc,6,sentence-pre,,,4807.6300000102,1,,,1.0,0.0
73,transc,6,sentence-pre,,,6932.839999994,0,,,1.0,0.0
74,transc,6,sentence-pre,,,4343.0649999937,1,,,1.0,0.0
75,transc,6,sentence-pre,,,5076.9650000002,1,,,1.0,0.0
76,transc,6,sentence-pre,,,4709.3349999923,1,,,1.0,0.0
77,transc,6,recall-pre,1.0,5.0,6555.7249999983,1,TYJKN,TYJKN,1.0,0.0
78,transc,6,sentence-pre,,,7973.9300000074,1,,,1.0,0.0
79,transc,6,sentence-pre,,,6151.2800000055,1,,,1.0,0.0
80,transc,6,sentence-pre,,,4126.4799999917,1,,,1.0,0.0
81,transc,6,sentence-pre,,,5573.5750000022,1,,,1.0,0.0
82,transc,6,sentence-pre,,,6550.7250000082,1,,,1.0,0.0
83,transc,6,sentence-pre,,,5895.1899999956,1,,,1.0,0.0
84,transc,6,recall-pre,2.0,6.0,9109.1050000105,0,RJPSTF,RJPNTF,0.8333333333333334,0.16666666666666666
85,transc,6,sentence-pre,,,6934.0900000097,1,,,1.0,0.0
86,transc,6,sentence-pre,,,5062.2000000003,1,,,1.0,0.0
87,transc,6,sentence-pre,,,6534.7150000016,1,,,1.0,0.0
88,transc,6,sentence-pre,,,6245.2599999961,1,,,1.0,0.0
89,transc,6,recall-pre,3.0,4.0,4759.8949999956,0,HJTR,RJTR,0.75,0.25
90,transc,6,sentence-pre,,,5973.840000006,1,,,1.0,0.0
91,transc,6,sentence-pre,,,4485.440000004,1,,,1.0,0.0
92,transc,6,sentence-pre,,,7901.7250000034,1,,,1.0,0.0
93,transc,6,sentence-pre,,,5304.3000000034,1,,,1.0,0.0
94,transc,6,recall-pre,4.0,4.0,7614.6799999988,1,TFQH,TFQH,1.0,0.0
95,transc,6,sentence-pre,,,5006.1399999977,1,,,1.0,0.0
96,transc,6,sentence-pre,,,4893.8849999977,1,,,1.0,0.0
97,transc,6,sentence-pre,,,12543.475000013,1,,,1.0,0.0
98,transc,6,sentence-pre,,,3772.8999999963,1,,,1.0,0.0
99,transc,6,sentence-pre,,,4391.3200000097,1,,,1.0,0.0
100,transc,6,recall-pre,5.0,5.0,7686.4649999916,0,NHKYT,PRYH,0.19999999999999996,0.8
101,transc,6,sentence-pre,,,7469.9250000122,0,,,1.0,0.0
102,transc,6,sentence-pre,,,4806.030000007,1,,,1.0,0.0
103,transc,6,sentence-pre,,,8087.6649999991,1,,,1.0,0.0
104,transc,6,sentence-pre,,,6621.7299999989,1,,,1.0,0.0
105,transc,6,sentence-pre,,,4413.274999999,1,,,1.0,0.0
106,transc,6,sentence-pre,,,7679.6349999931,1,,,1.0,0.0
107,transc,6,recall-pre,6.0,6.0,9934.7050000069,0,NPHJRY,NJPHJRY,0.8571428571428572,0.14285714285714285
108,transc,6,sentence-post,,,4916.5700000012,1,,,1.0,0.0
109,transc,6,sentence-post,,,4782.6050000004,1,,,1.0,0.0
110,transc,6,sentence-post,,,3621.8500000103,1,,,1.0,0.0
111,transc,6,sentence-post,,,3861.2849999918,1,,,1.0,0.0
112,transc,6,sentence-post,,,4894.7849999969,1,,,1.0,0.0
113,transc,6,sentence-post,,,5383.3150000139,1,,,1.0,0.0
114,transc,6,recall-post,1.0,6.0,13362.359999999,0,TKSPFH,TKSPF,0.8333333333333334,0.16666666666666666
115,transc,6,sentence-post,,,7917.7750000088,1,,,1.0,0.0
116,transc,6,sentence-post,,,9877.7499999995,0,,,1.0,0.0
117,transc,6,sentence-post,,,8988.9849999892,0,,,1.0,0.0
118,transc,6,sentence-post,,,9543.4650000101,1,,,1.0,0.0
119,transc,6,sentence-post,,,3949.3899999941,1,,,1.0,0.0
120,transc,6,sentence-post,,,5349.524999998,1,,,1.0,0.0
121,transc,6,recall-post,2.0,6.0,4472.5449999971,0,HRSPFK,PFK,0.5,0.5
122,transc,6,sentence-post,,,5565.9949999969,1,,,1.0,0.0
123,transc,6,sentence-post,,,4269.9100000029,1,,,1.0,0.0
124,transc,6,sentence-post,,,4822.4300000002,1,,,1.0,0.0
125,transc,6,sentence-post,,,5437.235000005,1,,,1.0,0.0
126,transc,6,sentence-post,,,3790.5800000005,1,,,1.0,0.0
127,transc,6,recall-post,3.0,5.0,5078.3300000038,1,NFRJL,NFRJL,1.0,0.0
128,transc,6,sentence-post,,,7230.3399999947,1,,,1.0,0.0
129,transc,6,sentence-post,,,4396.9000000069,1,,,1.0,0.0
130,transc,6,sentence-post,,,4894.8299999903,1,,,1.0,0.0
131,transc,6,sentence-post,,,4399.1150000072,1,,,1.0,0.0
132,transc,6,recall-post,4.0,4.0,5252.5100000058,1,LTFP,LTFP,1.0,0.0
133,transc,6,sentence-post,,,5574.2700000117,1,,,1.0,0.0
134,transc,6,sentence-post,,,3975.1350000007,1,,,1.0,0.0
135,transc,6,sentence-post,,,4599.1199999992,1,,,1.0,0.0
136,transc,6,sentence-post,,,5085.2650000015,1,,,1.0,0.0
137,transc,6,sentence-post,,,6212.0750000034,1,,,1.0,0.0
138,transc,6,recall-post,5.0,5.0,7438.6349999984,1,RYTQK,RYTQK,1.0,0.0
139,transc,6,sentence-post,,,6014.0099999988,1,,,1.0,0.0
140,transc,6,sentence-post,,,4293.6550000012,1,,,1.0,0.0
141,transc,6,sentence-post,,,2884.9650000045,1,,,1.0,0.0
142,transc,6,sentence-post,,,5157.9800000037,1,,,1.0,0.0
143,transc,6,recall-post,6.0,4.0,9150.3850000007,0,HFTQ,HFTP,0.75,0.25
144,transc,4,sentence-pre,,,8166.51000001,0,,,1.0,0.0
145,transc,4,sentence-pre,,,7890.7449999824,1,,,1.0,0.0
146,transc,4,sentence-pre,,,10608.559999964,1,,,1.0,0.0
147,transc,4,sentence-pre,,,6955.8650000254,1,,,1.0,0.0
148,transc,4,recall-pre,1.0,4.0,11276.844999986,1,TPRQ,TPRQ,1.0,0.0
149,transc,4,sentence-pre,,,11277.450000052,0,,,1.0,0.0
150,transc,4,sentence-pre,,,6631.939999992,1,,,1.0,0.0
151,transc,4,sentence-pre,,,11510.425000044,1,,,1.0,0.0
152,transc,4,sentence-pre,,,11247.389999975,1,,,1.0,0.0
153,transc,4,sentence-pre,,,11549.109999964,1,,,1.0,0.0
154,transc,4,sentence-pre,,,14254.330000025,1,,,1.0,0.0
155,transc,4,recall-pre,2.0,6.0,14239.40000002,0,RYTSKH,TYTPS,0.33333333333333337,0.6666666666666666
156,transc,4,sentence-pre,,,10415.825000033,1,,,1.0,0.0
157,transc,4,sentence-pre,,,9205.8500000276,1,,,1.0,0.0
158,transc,4,sentence-pre,,,7237.4249999993,1,,,1.0,0.0
159,transc,4,sentence-pre,,,11929.914999986,0,,,1.0,0.0
160,transc,4,sentence-pre,,,16287.700000044,0,,,1.0,0.0
161,transc,4,sentence-pre,,,15887.589999998,0,,,1.0,0.0
162,transc,4,recall-pre,3.0,6.0,8615.8600000199,1,YJPNKR,YJPNKR,1.0,0.0
163,transc,4,sentence-pre,,,,0,,,1.0,0.0
164,transc,4,sentence-pre,,,6731.2400000519,1,,,1.0,0.0
165,transc,4,sentence-pre,,,5421.3350000209,0,,,1.0,0.0
166,transc,4,sentence-pre,,,7136.9100000011,1,,,1.0,0.0
167,transc,4,sentence-pre,,,6420.8000000217,1,,,1.0,0.0
168,transc,4,recall-pre,4.0,5.0,8355.4850000073,1,JQNHK,JQNHK,1.0,0.0
169,transc,4,sentence-pre,,,13087.380000041,1,,,1.0,0.0
170,transc,4,sentence-pre,,,6138.9400000335,0,,,1.0,0.0
171,transc,4,sentence-pre,,,8589.7850000183,0,,,1.0,0.0
172,transc,4,sentence-pre,,,8056.3749999856,0,,,1.0,0.0
173,transc,4,sentence-pre,,,10441.959999967,0,,,1.0,0.0
174,transc,4,recall-pre,5.0,5.0,9078.5599999945,1,KJQYT,KJQYT,1.0,0.0
175,transc,4,sentence-pre,,,14639.855000016,1,,,1.0,0.0
176,transc,4,sentence-pre,,,9339.9250000366,0,,,1.0,0.0
177,transc,4,sentence-pre,,,7815.5649999972,1,,,1.0,0.0
178,transc,4,sentence-pre,,,9352.4949999992,1,,,1.0,0.0
179,transc,4,recall-pre,6.0,4.0,6376.4349999838,0,YPLQ,YKLQ,0.75,0.25
180,transc,4,sentence-post,,,5226.5049999696,1,,,1.0,0.0
181,transc,4,sentence-post,,,7444.0749999485,1,,,1.0,0.0
182,transc,4,sentence-post,,,5683.2249999861,1,,,1.0,0.0
183,transc,4,sentence-post,,,8269.570000004,0,,,1.0,0.0
184,transc,4,sentence-post,,,6262.4799999758,1,,,1.0,0.0
185,transc,4,recall-post,1.0,5.0,6876.484999957,1,NSTLK,NSTLK,1.0,0.0
186,transc,4,sentence-post,,,7398.6900000018,1,,,1.0,0.0
187,transc,4,sentence-post,,,9041.2350000115,1,,,1.0,0.0
188,transc,4,sentence-post,,,4958.964999998,0,,,1.0,0.0
189,transc,4,sentence-post,,,7293.0350000388,0,,,1.0,0.0
190,transc,4,recall-post,2.0,4.0,8342.650000006,0,FHLN,FHNL,0.5,0.5
191,transc,4,sentence-post,,,7832.7500000014,1,,,1.0,0.0
192,transc,4,sentence-post,,,7448.8399999682,0,,,1.0,0.0
193,transc,4,sentence-post,,,9645.6750000361,1,,,1.0,0.0
194,transc,4,sentence-post,,,4166.1150000291,1,,,1.0,0.0
195,transc,4,sentence-post,,,7614.6949999966,0,,,1.0,0.0
196,transc,4,sentence-post,,,5479.0350000258,1,,,1.0,0.0
197,transc,4,recall-post,3.0,6.0,10152.780000004,0,SPQYRJ,SPQYJ,0.8333333333333334,0.16666666666666666
198,transc,4,sentence-post,,,6850.1149999793,1,,,1.0,0.0
199,transc,4,sentence-post,,,8842.2599999467,0,,,1.0,0.0
200,transc,4,sentence-post,,,4777.6850000373,1,,,1.0,0.0
201,transc,4,sentence-post,,,3546.1549999891,1,,,1.0,0.0
202,transc,4,sentence-post,,,9069.0699999686,1,,,1.0,0.0
203,transc,4,recall-post,4.0,5.0,6407.0749999955,1,QSJNT,QSJNT,1.0,0.0
204,transc,4,sentence-post,,,9242.4350000219,0,,,1.0,0.0
205,transc,4,sentence-post,,,4088.459999999,1,,,1.0,0.0
206,transc,4,sentence-post,,,7174.9800000107,0,,,1.0,0.0
207,transc,4,sentence-post,,,7652.7450000285,1,,,1.0,0.0
208,transc,4,recall-post,5.0,4.0,7386.3649999839,1,JNRP,JNRP,1.0,0.0
209,transc,4,sentence-post,,,6394.0300000249,1,,,1.0,0.0
210,transc,4,sentence-post,,,5492.0549999806,1,,,1.0,0.0
211,transc,4,sentence-post,,,5470.9300000104,1,,,1.0,0.0
212,transc,4,sentence-post,,,9890.3750000172,0,,,1.0,0.0
213,transc,4,sentence-post,,,5328.1849999912,1,,,1.0,0.0
214,transc,4,sentence-post,,,5175.1850000001,0,,,1.0,0.0
215,transc,4,recall-post,6.0,6.0,9902.379999985,1,TLJSKN,TLJSKN,1.0,0.0
216,transc,8,sentence-pre,,,4136.4650000178,1,,,1.0,0.0
217,transc,8,sentence-pre,,,3665.089999995,1,,,1.0,0.0
218,transc,8,sentence-pre,,,3968.5400000017,1,,,1.0,0.0
219,transc,8,sentence-pre,,,5539.9749999924,1,,,1.0,0.0
220,transc,8,recall-pre,1.0,4.0,6176.3400000054,1,LHKS,LHKS,1.0,0.0
221,transc,8,sentence-pre,,,3822.5300000049,1,,,1.0,0.0
222,transc,8,sentence-pre,,,4453.7999999884,1,,,1.0,0.0
223,transc,8,sentence-pre,,,4328.8900000043,1,,,1.0,0.0
224,transc,8,sentence-pre,,,4508.8450000039,1,,,1.0,0.0
225,transc,8,recall-pre,2.0,4.0,10186.329999997,0,JRKF,LJNF,0.25,0.75
226,transc,8,sentence-pre,,,4722.3650000233,1,,,1.0,0.0
227,transc,8,sentence-pre,,,5194.8350000021,1,,,1.0,0.0
228,transc,8,sentence-pre,,,2738.7500000186,1,,,1.0,0.0
229,transc,8,sentence-pre,,,4212.6550000103,1,,,1.0,0.0
230,transc,8,sentence-pre,,,5917.8400000092,1,,,1.0,0.0
231,transc,8,recall-pre,3.0,5.0,6637.0600000082,0,PQNRJ,PQ_NJ,0.6,0.4
232,transc,8,sentence-pre,,,5066.1349999718,1,,,1.0,0.0
233,transc,8,sentence-pre,,,5313.6249999807,1,,,1.0,0.0
234,transc,8,sentence-pre,,,3671.8549999932,1,,,1.0,0.0
235,transc,8,sentence-pre,,,4882.2999999975,1,,,1.0,0.0
236,transc,8,sentence-pre,,,3892.285000009,1,,,1.0,0.0
237,transc,8,recall-pre,4.0,5.0,6691.9000000053,1,QTFHY,QTFHY,1.0,0.0
238,transc,8,sentence-pre,,,5870.4800000123,1,,,1.0,0.0
239,transc,8,sentence-pre,,,5121.7750000069,1,,,1.0,0.0
240,transc,8,sentence-pre,,,5063.7300000235,1,,,1.0,0.0
241,transc,8,sentence-pre,,,4416.7400000151,1,,,1.0,0.0
242,transc,8,sentence-pre,,,6258.9150000131,1,,,1.0,0.0
243,transc,8,sentence-pre,,,5951.0399999854,1,,,1.0,0.0
244,transc,8,recall-pre,5.0,6.0,8884.4800000079,0,NSPLTJ,_LNQJ,0.16666666666666663,0.8333333333333334
245,transc,8,sentence-pre,,,7586.0199999879,1,,,1.0,0.0
246,transc,8,sentence-pre,,,5275.569999998,1,,,1.0,0.0
247,transc,8,sentence-pre,,,7270.4000000085,1,,,1.0,0.0
248,transc,8,sentence-pre,,,4228.2000000123,1,,,1.0,0.0
249,transc,8,sentence-pre,,,4339.799999987,1,,,1.0,0.0
250,transc,8,sentence-pre,,,3775.0150000211,1,,,1.0,0.0
251,transc,8,recall-pre,6.0,6.0,7404.0699999896,1,NRTLJY,NRTLJY,1.0,0.0
252,transc,8,sentence-post,,,4007.0150000104,1,,,1.0,0.0
253,transc,8,sentence-post,,,4289.5099999728,1,,,1.0,0.0
254,transc,8,sentence-post,,,3616.3599999854,1,,,1.0,0.0
255,transc,8,sentence-post,,,3543.425000011,1,,,1.0,0.0
256,transc,8,sentence-post,,,9305.8550000135,1,,,1.0,0.0
257,transc,8,sentence-post,,,5202.7299999897,1,,,1.0,0.0
258,transc,8,recall-post,1.0,6.0,21429.635000007,0,LYSNTK,LYSNT,0.8333333333333334,0.16666666666666666
259,transc,8,sentence-post,,,5434.6199999852,1,,,1.0,0.0
260,transc,8,sentence-post,,,7484.7599999919,0,,,1.0,0.0
261,transc,8,sentence-post,,,2510.7699999935,1,,,1.0,0.0
262,transc,8,sentence-post,,,3503.6600000169,1,,,1.0,0.0
263,transc,8,sentence-post,,,4296.3449999806,1,,,1.0,0.0
264,transc,8,recall-post,2.0,5.0,7581.0599999968,0,LPFRH,LYPRH,0.6,0.4
265,transc,8,sentence-post,,,7910.5850000056,0,,,1.0,0.0
266,transc,8,sentence-post,,,4641.9049999965,1,,,1.0,0.0
267,transc,8,sentence-post,,,3417.1300000157,1,,,1.0,0.0
268,transc,8,sentence-post,,,4543.3900000062,1,,,1.0,0.0
269,transc,8,recall-post,3.0,4.0,6850.4750000141,1,RJLF,RJLF,1.0,0.0
270,transc,8,sentence-post,,,3706.8199999919,1,,,1.0,0.0
271,transc,8,sentence-post,,,3019.2950000055,1,,,1.0,0.0
272,transc,8,sentence-post,,,3425.894999993,1,,,1.0,0.0
273,transc,8,sentence-post,,,4592.0299999993,1,,,1.0,0.0
274,transc,8,sentence-post,,,4784.1800000174,1,,,1.0,0.0
275,transc,8,sentence-post,,,3995.9349999842,1,,,1.0,0.0
276,transc,8,recall-post,4.0,6.0,8132.1449999814,0,PSHRYJ,P_HLRJ,0.5,0.5
277,transc,8,sentence-post,,,3567.6149999779,1,,,1.0,0.0
278,transc,8,sentence-post,,,3156.7400000058,1,,,1.0,0.0
279,transc,8,sentence-post,,,2673.1900000013,1,,,1.0,0.0
280,transc,8,sentence-post,,,3702.8649999993,1,,,1.0,0.0
281,transc,8,sentence-post,,,3743.1599999839,1,,,1.0,0.0
282,transc,8,recall-post,5.0,5.0,6654.1649999856,1,RJYHN,RJYHN,1.0,0.0
283,transc,8,sentence-post,,,3965.7650000011,1,,,1.0,0.0
284,transc,8,sentence-post,,,7157.8299999819,1,,,1.0,0.0
285,transc,8,sentence-post,,,3179.0700000129,1,,,1.0,0.0
286,transc,8,sentence-post,,,4668.5449999934,1,,,1.0,0.0
287,transc,8,recall-post,6.0,4.0,6133.4499999941,1,LJKR,LJKR,1.0,0.0
288,transc,10,sentence-pre,,,3085.0,1,,,1.0,0.0
289,transc,10,sentence-pre,,,2912.0,1,,,1.0,0.0
290,transc,10,sentence-pre,,,3399.0,1,,,1.0,0.0
291,transc,10,sentence-pre,,,3573.0,1,,,1.0,0.0
292,transc,10,sentence-pre,,,3944.0,1,,,1.0,0.0
293,transc,10,sentence-pre,,,4592.0,1,,,1.0,0.0
294,transc,10,recall-pre,1.0,6.0,12805.0,1,PHJYSR,PHJYSR,1.0,0.0
295,transc,10,sentence-pre,,,3366.0,1,,,1.0,0.0
296,transc,10,sentence-pre,,,3724.0,1,,,1.0,0.0
297,transc,10,sentence-pre,,,3105.0,1,,,1.0,0.0
298,transc,10,sentence-pre,,,4015.0,1,,,1.0,0.0
299,transc,10,sentence-pre,,,3302.0,1,,,1.0,0.0
300,transc,10,recall-pre,2.0,5.0,13629.0,0,KLYHS,KLYR,0.6,0.4
301,transc,10,sentence-pre,,,3630.0,1,,,1.0,0.0
302,transc,10,sentence-pre,,,2898.0,1,,,1.0,0.0
303,transc,10,sentence-pre,,,3542.0,1,,,1.0,0.0
304,transc,10,sentence-pre,,,3848.0,1,,,1.0,0.0
305,transc,10,sentence-pre,,,3936.0,1,,,1.0,0.0
306,transc,10,recall-pre,3.0,5.0,9741.0,0,TYJKP,TY_KP,0.8,0.2
307,transc,10,sentence-pre,,,3264.0,1,,,1.0,0.0
308,transc,10,sentence-pre,,,3415.0,1,,,1.0,0.0
309,transc,10,sentence-pre,,,4845.0,1,,,1.0,0.0
310,transc,10,sentence-pre,,,5124.0,0,,,1.0,0.0
311,transc,10,recall-pre,4.0,4.0,8472.0,0,QFHL,QP_L,0.5,0.5
312,transc,10,sentence-pre,,,4466.0,1,,,1.0,0.0
313,transc,10,sentence-pre,,,2299.0,1,,,1.0,0.0
314,transc,10,sentence-pre,,,2809.0,1,,,1.0,0.0
315,transc,10,sentence-pre,,,5312.0,1,,,1.0,0.0
316,transc,10,sentence-pre,,,5133.0,1,,,1.0,0.0
317,transc,10,sentence-pre,,,4873.0,1,,,1.0,0.0
318,transc,10,recall-pre,5.0,6.0,11927.0,1,SNTQKF,SNTQKF,1.0,0.0
319,transc,10,sentence-pre,,,4519.0,1,,,1.0,0.0
320,transc,10,sentence-pre,,,4425.0,1,,,1.0,0.0
321,transc,10,sentence-pre,,,3340.0,1,,,1.0,0.0
322,transc,10,sentence-pre,,,3143.0,1,,,1.0,0.0
323,transc,10,recall-pre,6.0,4.0,7643.0,1,LYST,LYST,1.0,0.0
324,transc,10,sentence-post,,,5583.0,1,,,1.0,0.0
325,transc,10,sentence-post,,,4733.0,1,,,1.0,0.0
326,transc,10,sentence-post,,,3401.0,1,,,1.0,0.0
327,transc,10,sentence-post,,,4229.0,1,,,1.0,0.0
328,transc,10,sentence-post,,,3458.0,0,,,1.0,0.0
329,transc,10,sentence-post,,,3993.0,1,,,1.0,0.0
330,transc,10,recall-post,1.0,6.0,8269.0,0,QHTRPN,QHTPR_,0.5,0.5
331,transc,10,sentence-post,,,3682.0,0,,,1.0,0.0
332,transc,10,sentence-post,,,4463.0,0,,,1.0,0.0
333,transc,10,sentence-post,,,3483.0,1,,,1.0,0.0
334,transc,10,sentence-post,,,3955.0,1,,,1.0,0.0
335,transc,10,sentence-post,,,3353.0,1,,,1.0,0.0
336,transc,10,recall-post,2.0,5.0,6291.0,1,TNLKF,TNLKF,1.0,0.0
337,transc,10,sentence-post,,,3374.0,1,,,1.0,0.0
338,transc,10,sentence-post,,,3176.0,1,,,1.0,0.0
339,transc,10,sentence-post,,,2573.0,1,,,1.0,0.0
340,transc,10,sentence-post,,,3266.0,1,,,1.0,0.0
341,transc,10,sentence-post,,,3261.0,1,,,1.0,0.0
342,transc,10,recall-post,3.0,5.0,17775.0,0,KFLSR,KLQF_,0.19999999999999996,0.8
343,transc,10,sentence-post,,,2996.0,1,,,1.0,0.0
344,transc,10,sentence-post,,,3830.0,1,,,1.0,0.0
345,transc,10,sentence-post,,,2679.0,1,,,1.0,0.0
346,transc,10,sentence-post,,,4710.0,1,,,1.0,0.0
347,transc,10,sentence-post,,,4377.0,1,,,1.0,0.0
348,transc,10,sentence-post,,,4833.0,1,,,1.0,0.0
349,transc,10,recall-post,4.0,6.0,9284.0,0,NSYHLR,_____R,0.16666666666666663,0.8333333333333334
350,transc,10,sentence-post,,,4881.0,1,,,1.0,0.0
351,transc,10,sentence-post,,,3644.0,1,,,1.0,0.0
352,transc,10,sentence-post,,,4548.0,1,,,1.0,0.0
353,transc,10,sentence-post,,,3688.0,1,,,1.0,0.0
354,transc,10,recall-post,5.0,4.0,5221.0,1,STHN,STHN,1.0,0.0
355,transc,10,sentence-post,,,3530.0,1,,,1.0,0.0
356,transc,10,sentence-post,,,4463.0,1,,,1.0,0.0
357,transc,10,sentence-post,,,2375.0,1,,,1.0,0.0
358,transc,10,sentence-post,,,4079.0,1,,,1.0,0.0
359,transc,10,recall-post,6.0,4.0,6450.0,0,KPNY,KLPY,0.5,0.5
360,transc,20,sentence-pre,,,3850.0,1,,,1.0,0.0
361,transc,20,sentence-pre,,,4385.0,1,,,1.0,0.0
362,transc,20,sentence-pre,,,4785.0,1,,,1.0,0.0
363,transc,20,sentence-pre,,,4738.0,1,,,1.0,0.0
364,transc,20,sentence-pre,,,4161.0,1,,,1.0,0.0
365,transc,20,recall-pre,1.0,5.0,8316.0,1,LNHSY,LNHSY,1.0,0.0
366,transc,20,sentence-pre,,,5942.0,1,,,1.0,0.0
367,transc,20,sentence-pre,,,3768.0,1,,,1.0,0.0
368,transc,20,sentence-pre,,,4520.0,1,,,1.0,0.0
369,transc,20,sentence-pre,,,5586.0,1,,,1.0,0.0
370,transc,20,recall-pre,2.0,4.0,6102.0,1,QFYT,QFYT,1.0,0.0
371,transc,20,sentence-pre,,,4327.0,1,,,1.0,0.0
372,transc,20,sentence-pre,,,3725.0,1,,,1.0,0.0
373,transc,20,sentence-pre,,,4907.0,1,,,1.0,0.0
374,transc,20,sentence-pre,,,6654.0,1,,,1.0,0.0
375,transc,20,sentence-pre,,,6281.0,1,,,1.0,0.0
376,transc,20,sentence-pre,,,5957.0,1,,,1.0,0.0
377,transc,20,recall-pre,3.0,6.0,7142.0,1,FKLQTP,FKLQTP,1.0,0.0
378,transc,20,sentence-pre,,,3480.0,1,,,1.0,0.0
379,transc,20,sentence-pre,,,3464.0,1,,,1.0,0.0
380,transc,20,sentence-pre,,,3455.0,1,,,1.0,0.0
381,transc,20,sentence-pre,,,4216.0,1,,,1.0,0.0
382,transc,20,sentence-pre,,,3520.0,1,,,1.0,0.0
383,transc,20,recall-pre,4.0,5.0,6108.0,1,FRTQJ,FRTQJ,1.0,0.0
384,transc,20,sentence-pre,,,5938.0,0,,,1.0,0.0
385,transc,20,sentence-pre,,,6449.0,1,,,1.0,0.0
386,transc,20,sentence-pre,,,3442.0,1,,,1.0,0.0
387,transc,20,sentence-pre,,,4278.0,1,,,1.0,0.0
388,transc,20,sentence-pre,,,6211.0,1,,,1.0,0.0
389,transc,20,sentence-pre,,,3825.0,1,,,1.0,0.0
390,transc,20,recall-pre,5.0,6.0,5613.0,1,LTHYNR,LTHYNR,1.0,0.0
391,transc,20,sentence-pre,,,4970.0,1,,,1.0,0.0
392,transc,20,sentence-pre,,,2691.0,1,,,1.0,0.0
393,transc,20,sentence-pre,,,4467.0,1,,,1.0,0.0
394,transc,20,sentence-pre,,,3000.0,1,,,1.0,0.0
395,transc,20,recall-pre,6.0,4.0,4678.0,1,HLPR,HLPR,1.0,0.0
396,transc,20,sentence-post,,,5026.0,1,,,1.0,0.0
397,transc,20,sentence-post,,,4325.0,1,,,1.0,0.0
398,transc,20,sentence-post,,,3067.0,1,,,1.0,0.0
399,transc,20,sentence-post,,,4416.0,1,,,1.0,0.0
400,transc,20,sentence-post,,,5313.0,1,,,1.0,0.0
401,transc,20,recall-post,1.0,5.0,9424.0,1,KSHQN,KSHQN,1.0,0.0
402,transc,20,sentence-post,,,4497.0,1,,,1.0,0.0
403,transc,20,sentence-post,,,3037.0,1,,,1.0,0.0
404,transc,20,sentence-post,,,3528.0,1,,,1.0,0.0
405,transc,20,sentence-post,,,3123.0,1,,,1.0,0.0
406,transc,20,recall-post,2.0,4.0,4657.0,1,NRPJ,NRPJ,1.0,0.0
407,transc,20,sentence-post,,,4167.0,1,,,1.0,0.0
408,transc,20,sentence-post,,,2753.0,1,,,1.0,0.0
409,transc,20,sentence-post,,,4434.0,1,,,1.0,0.0
410,transc,20,sentence-post,,,3161.0,1,,,1.0,0.0
411,transc,20,sentence-post,,,3167.0,1,,,1.0,0.0
412,transc,20,sentence-post,,,4799.0,1,,,1.0,0.0
413,transc,20,recall-post,3.0,6.0,7513.0,1,JHSKNY,JHSKNY,1.0,0.0
414,transc,20,sentence-post,,,3477.0,1,,,1.0,0.0
415,transc,20,sentence-post,,,3178.0,1,,,1.0,0.0
416,transc,20,sentence-post,,,4552.0,1,,,1.0,0.0
417,transc,20,sentence-post,,,3545.0,1,,,1.0,0.0
418,transc,20,sentence-post,,,5086.0,1,,,1.0,0.0
419,transc,20,recall-post,4.0,5.0,6182.0,1,TPYKH,TPYKH,1.0,0.0
420,transc,20,sentence-post,,,3766.0,1,,,1.0,0.0
421,transc,20,sentence-post,,,2574.0,1,,,1.0,0.0
422,transc,20,sentence-post,,,3031.0,1,,,1.0,0.0
423,transc,20,sentence-post,,,2546.0,1,,,1.0,0.0
424,transc,20,sentence-post,,,5835.0,1,,,1.0,0.0
425,transc,20,sentence-post,,,4201.0,1,,,1.0,0.0
426,transc,20,recall-post,5.0,6.0,10515.0,0,SHJFYR,SHJFYL,0.8333333333333334,0.16666666666666666
427,transc,20,sentence-post,,,3391.0,1,,,1.0,0.0
428,transc,20,sentence-post,,,4975.0,1,,,1.0,0.0
429,transc,20,sentence-post,,,3305.0,1,,,1.0,0.0
430,transc,20,sentence-post,,,5369.0,1,,,1.0,0.0
431,transc,20,recall-post,6.0,4.0,4636.0,1,TNKH,TNKH,1.0,0.0
432,transc,18,sentence-pre,,,5482.4949999966,1,,,1.0,0.0
433,transc,18,sentence-pre,,,6022.7650000015,1,,,1.0,0.0
434,transc,18,sentence-pre,,,7066.4399999951,1,,,1.0,0.0
435,transc,18,sentence-pre,,,8121.0950000022,1,,,1.0,0.0
436,transc,18,sentence-pre,,,8341.9300000023,0,,,1.0,0.0
437,transc,18,recall-pre,1.0,5.0,8900.705,0,QRYHK,QRLPK,0.6,0.4
438,transc,18,sentence-pre,,,8192.9750000054,1,,,1.0,0.0
439,transc,18,sentence-pre,,,8722.3249999952,1,,,1.0,0.0
440,transc,18,sentence-pre,,,7228.1100000037,1,,,1.0,0.0
441,transc,18,sentence-pre,,,12587.41,0,,,1.0,0.0
442,transc,18,recall-pre,2.0,4.0,9915.4099999942,0,PFYK,F__R,0.0,1.0
443,transc,18,sentence-pre,,,12034.495,0,,,1.0,0.0
444,transc,18,sentence-pre,,,4337.1750000006,1,,,1.0,0.0
445,transc,18,sentence-pre,,,6002.1699999998,1,,,1.0,0.0
446,transc,18,sentence-pre,,,12525.905000002,1,,,1.0,0.0
447,transc,18,recall-pre,3.0,4.0,6224.2100000003,0,RYLF,RYFL,0.5,0.5
448,transc,18,sentence-pre,,,8971.0049999994,1,,,1.0,0.0
449,transc,18,sentence-pre,,,6413.830000005,1,,,1.0,0.0
450,transc,18,sentence-pre,,,5891.1399999997,1,,,1.0,0.0
451,transc,18,sentence-pre,,,9486.1600000004,1,,,1.0,0.0
452,transc,18,sentence-pre,,,6957.4250000005,1,,,1.0,0.0
453,transc,18,sentence-pre,,,10128.955,1,,,1.0,0.0
454,transc,18,recall-pre,4.0,6.0,6402.9250000021,0,FSJLYH,___H,0.16666666666666663,0.8333333333333334
455,transc,18,sentence-pre,,,8618.3600000004,1,,,1.0,0.0
456,transc,18,sentence-pre,,,5960.325,1,,,1.0,0.0
457,transc,18,sentence-pre,,,2518.5200000051,1,,,1.0,0.0
458,transc,18,sentence-pre,,,5640.3750000027,1,,,1.0,0.0
459,transc,18,sentence-pre,,,11032.584999994,1,,,1.0,0.0
460,transc,18,recall-pre,5.0,5.0,9164.1849999942,0,SRFQN,FRSKS,0.19999999999999996,0.8
461,transc,18,sentence-pre,,,,0,,,1.0,0.0
462,transc,18,sentence-pre,,,7576.6399999993,1,,,1.0,0.0
463,transc,18,sentence-pre,,,6243.3650000021,1,,,1.0,0.0
464,transc,18,sentence-pre,,,3988.354999994,1,,,1.0,0.0
465,transc,18,sentence-pre,,,6012.250000007,1,,,1.0,0.0
466,transc,18,sentence-pre,,,7187.0750000016,1,,,1.0,0.0
467,transc,18,recall-pre,6.0,6.0,4977.1549999932,0,HQFSKL,QKL,0.5,0.5
468,transc,18,sentence-post,,,5768.9500000053,1,,,1.0,0.0
469,transc,18,sentence-post,,,5514.6050000037,1,,,1.0,0.0
470,transc,18,sentence-post,,,7069.8499999996,1,,,1.0,0.0
471,transc,18,sentence-post,,,9197.0449999934,0,,,1.0,0.0
472,transc,18,recall-post,1.0,4.0,10335.475,0,HSFY,H_SF,0.5,0.5
473,transc,18,sentence-post,,,5403.2399999993,1,,,1.0,0.0
474,transc,18,sentence-post,,,9093.9149999977,1,,,1.0,0.0
475,transc,18,sentence-post,,,5584.6349999993,1,,,1.0,0.0
476,transc,18,sentence-post,,,5995.8049999988,0,,,1.0,0.0
477,transc,18,sentence-post,,,6537.0449999976,0,,,1.0,0.0
478,transc,18,recall-post,2.0,5.0,6916.7250000029,0,HJLQF,HJFSF,0.6,0.4
479,transc,18,sentence-post,,,5926.1649999972,1,,,1.0,0.0
480,transc,18,sentence-post,,,5502.9100000029,1,,,1.0,0.0
481,transc,18,sentence-post,,,4242.6049999995,1,,,1.0,0.0
482,transc,18,sentence-post,,,5645.3050000053,1,,,1.0,0.0
483,transc,18,recall-post,3.0,4.0,5383.1449999996,0,QYPT,QYPJ,0.75,0.25
484,transc,18,sentence-post,,,9998.1100000003,1,,,1.0,0.0
485,transc,18,sentence-post,,,5926.1899999981,1,,,1.0,0.0
486,transc,18,sentence-post,,,6276.4099999988,1,,,1.0,0.0
487,transc,18,sentence-post,,,6828.1500000013,1,,,1.0,0.0
488,transc,18,sentence-post,,,6598.5050000018,1,,,1.0,0.0
489,transc,18,recall-post,4.0,5.0,12815.260000003,0,LKSQP,LKSK,0.6,0.4
490,transc,18,sentence-post,,,4260.0400000014,1,,,1.0,0.0
491,transc,18,sentence-post,,,9076.5300000054,1,,,1.0,0.0
492,transc,18,sentence-post,,,6729.3449999997,1,,,1.0,0.0
493,transc,18,sentence-post,,,5184.0499999966,1,,,1.0,0.0
494,transc,18,sentence-post,,,6467.3949999996,1,,,1.0,0.0
495,transc,18,sentence-post,,,5284.1100000003,1,,,1.0,0.0
496,transc,18,recall-post,5.0,6.0,4189.1449999963,0,YPJTRN,JFN,0.33333333333333337,0.6666666666666666
497,transc,18,sentence-post,,,7902.2149999943,1,,,1.0,0.0
498,transc,18,sentence-post,,,3769.5300000054,1,,,1.0,0.0
499,transc,18,sentence-post,,,8845.484999998,1,,,1.0,0.0
500,transc,18,sentence-post,,,6124.1900000023,1,,,1.0,0.0
501,transc,18,sentence-post,,,6708.3799999966,1,,,1.0,0.0
502,transc,18,sentence-post,,,6626.9400000018,1,,,1.0,0.0
503,transc,18,recall-post,6.0,6.0,16015.830000004,0,QFNLKR,QFNLK,0.8333333333333334,0.16666666666666666
504,transc,12,sentence-pre,,,5714.9149999968,1,,,1.0,0.0
505,transc,12,sentence-pre,,,4714.4399999998,0,,,1.0,0.0
506,transc,12,sentence-pre,,,5400.5700000016,1,,,1.0,0.0
507,transc,12,sentence-pre,,,5389.5649999977,1,,,1.0,0.0
508,transc,12,sentence-pre,,,,0,,,1.0,0.0
509,transc,12,recall-pre,1.0,5.0,21145.099999998,0,TFHNR,TFHN,0.8,0.2
510,transc,12,sentence-pre,,,6585.154999997,1,,,1.0,0.0
511,transc,12,sentence-pre,,,5334.0400000016,1,,,1.0,0.0
512,transc,12,sentence-pre,,,4403.295,0,,,1.0,0.0
513,transc,12,sentence-pre,,,6933.0349999982,0,,,1.0,0.0
514,transc,12,sentence-pre,,,6134.7400000014,1,,,1.0,0.0
515,transc,12,sentence-pre,,,2800.1650000006,1,,,1.0,0.0
516,transc,12,recall-pre,2.0,6.0,25138.580000003,0,QPNRSK,QNS,0.5,0.5
517,transc,12,sentence-pre,,,6661.4149999986,1,,,1.0,0.0
518,transc,12,sentence-pre,,,3999.6449999999,1,,,1.0,0.0
519,transc,12,sentence-pre,,,6164.2700000012,0,,,1.0,0.0
520,transc,12,sentence-pre,,,7183.2250000007,1,,,1.0,0.0
521,transc,12,sentence-pre,,,4813.9899999987,1,,,1.0,0.0
522,transc,12,recall-pre,3.0,5.0,5462.2000000017,0,NPJKT,NPKT,0.8,0.2
523,transc,12,sentence-pre,,,5622.6849999985,1,,,1.0,0.0
524,transc,12,sentence-pre,,,2768.079999998,1,,,1.0,0.0
525,transc,12,sentence-pre,,,4249.995000002,1,,,1.0,0.0
526,transc,12,sentence-pre,,,6120.9950000011,1,,,1.0,0.0
527,transc,12,recall-pre,4.0,4.0,6889.7800000013,1,RPSJ,RPSJ,1.0,0.0
528,transc,12,sentence-pre,,,3517.1699999991,1,,,1.0,0.0
529,transc,12,sentence-pre,,,,0,,,1.0,0.0
530,transc,12,sentence-pre,,,5284.4500000029,1,,,1.0,0.0
531,transc,12,sentence-pre,,,3662.9250000005,1,,,1.0,0.0
532,transc,12,recall-pre,5.0,4.0,5834.4550000001,0,QYNS,YNS,0.75,0.25
533,transc,12,sentence-pre,,,7634.8749999997,0,,,1.0,0.0
534,transc,12,sentence-pre,,,3858.3099999996,1,,,1.0,0.0
535,transc,12,sentence-pre,,,5050.9850000017,1,,,1.0,0.0
536,transc,12,sentence-pre,,,3601.5650000009,1,,,1.0,0.0
537,transc,12,sentence-pre,,,5402.2549999972,1,,,1.0,0.0
538,transc,12,sentence-pre,,,4381.5900000008,1,,,1.0,0.0
539,transc,12,recall-pre,6.0,6.0,7458.6450000023,0,PYRTJN,PYRTJ,0.8333333333333334,0.16666666666666666
540,transc,12,sentence-post,,,6836.4250000012,1,,,1.0,0.0
541,transc,12,sentence-post,,,3998.0099999993,1,,,1.0,0.0
542,transc,12,sentence-post,,,3190.2599999993,1,,,1.0,0.0
543,transc,12,sentence-post,,,3106.0550000002,1,,,1.0,0.0
544,transc,12,recall-post,1.0,4.0,4383.1500000013,1,KNPY,KNPY,1.0,0.0
545,transc,12,sentence-post,,,5500.2349999994,1,,,1.0,0.0
546,transc,12,sentence-post,,,3695.2449999992,1,,,1.0,0.0
547,transc,12,sentence-post,,,3832.6400000006,1,,,1.0,0.0
548,transc,12,sentence-post,,,6505.3450000011,0,,,1.0,0.0
549,transc,12,sentence-post,,,5966.6049999981,1,,,1.0,0.0
550,transc,12,recall-post,2.0,5.0,7207.1350000002,0,NTSJL,TNS,0.19999999999999996,0.8
551,transc,12,sentence-post,,,5071.0249999971,1,,,1.0,0.0
552,transc,12,sentence-post,,,4441.3299999977,1,,,1.0,0.0
553,transc,12,sentence-post,,,4822.5800000001,1,,,1.0,0.0
554,transc,12,sentence-post,,,6411.9849999989,1,,,1.0,0.0
555,transc,12,sentence-post,,,4989.1700000009,1,,,1.0,0.0
556,transc,12,sentence-post,,,4526.7800000003,1,,,1.0,0.0
557,transc,12,recall-post,3.0,6.0,14168.535000001,0,LHQPFR,NHQTS,0.33333333333333337,0.6666666666666666
558,transc,12,sentence-post,,,3091.375,1,,,1.0,0.0
559,transc,12,sentence-post,,,4321.0300000031,1,,,1.0,0.0
560,transc,12,sentence-post,,,4854.5800000029,1,,,1.0,0.0
561,transc,12,sentence-post,,,3959.6950000012,1,,,1.0,0.0
562,transc,12,sentence-post,,,5427.6800000006,1,,,1.0,0.0
563,transc,12,sentence-post,,,4999.1849999968,1,,,1.0,0.0
564,transc,12,recall-post,4.0,6.0,13268.039999999,0,QKYSPH,QKY,0.5,0.5
565,transc,12,sentence-post,,,4657.7650000001,1,,,1.0,0.0
566,transc,12,sentence-post,,,5471.5599999977,1,,,1.0,0.0
567,transc,12,sentence-post,,,4329.5250000008,1,,,1.0,0.0
568,transc,12,sentence-post,,,4672.260000003,1,,,1.0,0.0
569,transc,12,sentence-post,,,3512.0749999988,1,,,1.0,0.0
570,transc,12,recall-post,5.0,5.0,4816.8800000018,1,KYRFN,KYRFN,1.0,0.0
571,transc,12,sentence-post,,,4532.2249999992,1,,,1.0,0.0
572,transc,12,sentence-post,,,4715.3199999994,1,,,1.0,0.0
573,transc,12,sentence-post,,,2322.3749999995,1,,,1.0,0.0
574,transc,12,sentence-post,,,4027.689999999,1,,,1.0,0.0
575,transc,12,recall-post,6.0,4.0,7830.3249999993,0,FSRN,FTRS,0.5,0.5
576,transc,24,sentence-pre,,,4196.385,1,,,1.0,0.0
577,transc,24,sentence-pre,,,3744.4800000001,1,,,1.0,0.0
578,transc,24,sentence-pre,,,3346.365,1,,,1.0,0.0
579,transc,24,sentence-pre,,,3072.14,1,,,1.0,0.0
580,transc,24,sentence-pre,,,2882.955,1,,,1.0,0.0
581,transc,24,sentence-pre,,,4565.145,1,,,1.0,0.0
582,transc,24,recall-pre,1.0,6.0,16926.795,1,YFLSNH,YFLSNH,1.0,0.0
583,transc,24,sentence-pre,,,4365.27,1,,,1.0,0.0
584,transc,24,sentence-pre,,,4457.3,0,,,1.0,0.0
585,transc,24,sentence-pre,,,4782.72,1,,,1.0,0.0
586,transc,24,sentence-pre,,,3182.3099999999,1,,,1.0,0.0
587,transc,24,sentence-pre,,,4543.6100000001,1,,,1.0,0.0
588,transc,24,sentence-pre,,,3996.655,0,,,1.0,0.0
589,transc,24,recall-pre,2.0,6.0,11333.77,0,TQPNJY,TQPJY,0.8333333333333334,0.16666666666666666
590,transc,24,sentence-pre,,,4390.7,1,,,1.0,0.0
591,transc,24,sentence-pre,,,4497.4000000001,0,,,1.0,0.0
592,transc,24,sentence-pre,,,3529.99,1,,,1.0,0.0
593,transc,24,sentence-pre,,,3619.835,1,,,1.0,0.0
594,transc,24,sentence-pre,,,3268.085,1,,,1.0,0.0
595,transc,24,recall-pre,3.0,5.0,10436.685,1,QSLNH,QSLNH,1.0,0.0
596,transc,24,sentence-pre,,,3104.47,1,,,1.0,0.0
597,transc,24,sentence-pre,,,3385.7,1,,,1.0,0.0
598,transc,24,sentence-pre,,,3230.395,1,,,1.0,0.0
599,transc,24,sentence-pre,,,4094.7150000001,1,,,1.0,0.0
600,transc,24,recall-pre,4.0,4.0,9135.9749999999,1,NPJS,NPJS,1.0,0.0
601,transc,24,sentence-pre,,,3146.45,1,,,1.0,0.0
602,transc,24,sentence-pre,,,4013.3400000001,1,,,1.0,0.0
603,transc,24,sentence-pre,,,2436.45,1,,,1.0,0.0
604,transc,24,sentence-pre,,,3721.02,1,,,1.0,0.0
605,transc,24,recall-pre,5.0,4.0,8124.075,1,QPJN,QPJN,1.0,0.0
606,transc,24,sentence-pre,,,4717.035,1,,,1.0,0.0
607,transc,24,sentence-pre,,,3271.545,0,,,1.0,0.0
608,transc,24,sentence-pre,,,3097.5,1,,,1.0,0.0
609,transc,24,sentence-pre,,,3146.33,1,,,1.0,0.0
610,transc,24,sentence-pre,,,3013.55,1,,,1.0,0.0
611,transc,24,recall-pre,6.0,5.0,10485.975,0,PYHKF,PYKF,0.8,0.2
612,transc,24,sentence-post,,,4646.0850000004,1,,,1.0,0.0
613,transc,24,sentence-post,,,4297.5249999999,1,,,1.0,0.0
614,transc,24,sentence-post,,,3858.1349999998,0,,,1.0,0.0
615,transc,24,sentence-post,,,3803.4250000003,1,,,1.0,0.0
616,transc,24,recall-post,1.0,4.0,7890.2699999996,1,HPNY,HPNY,1.0,0.0
617,transc,24,sentence-post,,,4702.855,1,,,1.0,0.0
618,transc,24,sentence-post,,,3772.0799999996,1,,,1.0,0.0
619,transc,24,sentence-post,,,3986.7800000003,1,,,1.0,0.0
620,transc,24,sentence-post,,,4954.29,0,,,1.0,0.0
621,transc,24,recall-post,2.0,4.0,7811.415,0,HTNY,HQNY,0.75,0.25
622,transc,24,sentence-post,,,4878.5649999999,0,,,1.0,0.0
623,transc,24,sentence-post,,,4140.4199999999,1,,,1.0,0.0
624,transc,24,sentence-post,,,3477.9949999996,1,,,1.0,0.0
625,transc,24,sentence-post,,,3491.6299999999,1,,,1.0,0.0
626,transc,24,sentence-post,,,3963.4850000003,1,,,1.0,0.0
627,transc,24,sentence-post,,,4485.7649999997,1,,,1.0,0.0
628,transc,24,recall-post,3.0,6.0,14240.53,0,JSHRPQ,JHRPQ,0.8333333333333334,0.16666666666666666
629,transc,24,sentence-post,,,3919.7750000004,1,,,1.0,0.0
630,transc,24,sentence-post,,,2636.0549999997,1,,,1.0,0.0
631,transc,24,sentence-post,,,3582.0900000003,1,,,1.0,0.0
632,transc,24,sentence-post,,,3864.46,1,,,1.0,0.0
633,transc,24,sentence-post,,,3114.7999999998,1,,,1.0,0.0
634,transc,24,sentence-post,,,4029.3049999997,1,,,1.0,0.0
635,transc,24,recall-post,4.0,6.0,12431.2,1,PRHFKQ,PRHFKQ,1.0,0.0
636,transc,24,sentence-post,,,3884.1950000003,1,,,1.0,0.0
637,transc,24,sentence-post,,,3941.7200000002,1,,,1.0,0.0
638,transc,24,sentence-post,,,3856.6550000003,1,,,1.0,0.0
639,transc,24,sentence-post,,,3071.8050000002,1,,,1.0,0.0
640,transc,24,sentence-post,,,4499.8100000001,1,,,1.0,0.0
641,transc,24,recall-post,5.0,5.0,10275.095,0,QTJNK,QTLNK,0.8,0.2
642,transc,24,sentence-post,,,3757.3099999996,1,,,1.0,0.0
643,transc,24,sentence-post,,,2912.0800000001,1,,,1.0,0.0
644,transc,24,sentence-post,,,4277.7800000003,1,,,1.0,0.0
645,transc,24,sentence-post,,,3454.6750000003,1,,,1.0,0.0
646,transc,24,sentence-post,,,3252.0649999995,1,,,1.0,0.0
647,transc,24,recall-post,6.0,5.0,10227.015,0,RQFJK,RQFK,0.8,0.2
648,transc,28,sentence-pre,,,3306.0,1,,,1.0,0.0
649,transc,28,sentence-pre,,,3884.0,1,,,1.0,0.0
650,transc,28,sentence-pre,,,4508.0,1,,,1.0,0.0
651,transc,28,sentence-pre,,,5698.0,1,,,1.0,0.0
652,transc,28,sentence-pre,,,5643.0,1,,,1.0,0.0
653,transc,28,sentence-pre,,,6511.0,0,,,1.0,0.0
654,transc,28,recall-pre,1.0,6.0,14866.0,0,JFSHQP,JFSLH_,0.5,0.5
655,transc,28,sentence-pre,,,3714.0,1,,,1.0,0.0
656,transc,28,sentence-pre,,,3687.0,1,,,1.0,0.0
657,transc,28,sentence-pre,,,3906.0,0,,,1.0,0.0
658,transc,28,sentence-pre,,,7026.0,1,,,1.0,0.0
659,transc,28,sentence-pre,,,5731.0,1,,,1.0,0.0
660,transc,28,recall-pre,2.0,5.0,10419.0,1,SKYLJ,SKYLJ,1.0,0.0
661,transc,28,sentence-pre,,,6372.0,1,,,1.0,0.0
662,transc,28,sentence-pre,,,5149.0,1,,,1.0,0.0
663,transc,28,sentence-pre,,,4947.0,0,,,1.0,0.0
664,transc,28,sentence-pre,,,3265.0,1,,,1.0,0.0
665,transc,28,sentence-pre,,,4537.0,1,,,1.0,0.0
666,transc,28,sentence-pre,,,3728.0,1,,,1.0,0.0
667,transc,28,recall-pre,3.0,6.0,11044.0,0,KHPFSL,KHFPLS,0.5,0.5
668,transc,28,sentence-pre,,,2204.0,1,,,1.0,0.0
669,transc,28,sentence-pre,,,5174.0,1,,,1.0,0.0
670,transc,28,sentence-pre,,,5013.0,1,,,1.0,0.0
671,transc,28,sentence-pre,,,2613.0,1,,,1.0,0.0
672,transc,28,recall-pre,4.0,4.0,6627.0,0,RSLK,RLSK,0.5,0.5
673,transc,28,sentence-pre,,,3013.0,1,,,1.0,0.0
674,transc,28,sentence-pre,,,2750.0,1,,,1.0,0.0
675,transc,28,sentence-pre,,,4615.0,1,,,1.0,0.0
676,transc,28,sentence-pre,,,5960.0,1,,,1.0,0.0
677,transc,28,sentence-pre,,,4264.0,1,,,1.0,0.0
678,transc,28,recall-pre,5.0,5.0,17907.0,0,JNQSY,JL__Y,0.4,0.6
679,transc,28,sentence-pre,,,4956.0,1,,,1.0,0.0
680,transc,28,sentence-pre,,,4991.0,1,,,1.0,0.0
681,transc,28,sentence-pre,,,3272.0,1,,,1.0,0.0
682,transc,28,sentence-pre,,,3673.0,1,,,1.0,0.0
683,transc,28,recall-pre,6.0,4.0,5077.0,1,JYHS,JYHS,1.0,0.0
684,transc,28,sentence-post,,,3632.0,1,,,1.0,0.0
685,transc,28,sentence-post,,,3858.0,1,,,1.0,0.0
686,transc,28,sentence-post,,,3968.0,1,,,1.0,0.0
687,transc,28,sentence-post,,,3957.0,1,,,1.0,0.0
688,transc,28,sentence-post,,,4015.0,1,,,1.0,0.0
689,transc,28,sentence-post,,,4449.0,1,,,1.0,0.0
690,transc,28,recall-post,1.0,6.0,6149.0,1,PLHQFJ,PLHQFJ,1.0,0.0
691,transc,28,sentence-post,,,4749.0,1,,,1.0,0.0
692,transc,28,sentence-post,,,5709.0,0,,,1.0,0.0
693,transc,28,sentence-post,,,3417.0,0,,,1.0,0.0
694,transc,28,sentence-post,,,3846.0,1,,,1.0,0.0
695,transc,28,recall-post,2.0,4.0,4913.0,0,NTFL,FTFL,0.75,0.25
696,transc,28,sentence-post,,,3245.0,1,,,1.0,0.0
697,transc,28,sentence-post,,,4844.0,1,,,1.0,0.0
698,transc,28,sentence-post,,,4420.0,1,,,1.0,0.0
699,transc,28,sentence-post,,,3178.0,1,,,1.0,0.0
700,transc,28,sentence-post,,,3783.0,1,,,1.0,0.0
701,transc,28,sentence-post,,,2928.0,1,,,1.0,0.0
702,transc,28,recall-post,3.0,6.0,5708.0,0,NQPRYL,FQPRY,0.6666666666666667,0.3333333333333333
703,transc,28,sentence-post,,,2612.0,1,,,1.0,0.0
704,transc,28,sentence-post,,,4976.0,1,,,1.0,0.0
705,transc,28,sentence-post,,,4019.0,1,,,1.0,0.0
706,transc,28,sentence-post,,,3703.0,1,,,1.0,0.0
707,transc,28,sentence-post,,,6614.0,1,,,1.0,0.0
708,transc,28,recall-post,4.0,5.0,8530.0,0,QKNHL,QKL_H,0.4,0.6
709,transc,28,sentence-post,,,2933.0,1,,,1.0,0.0
710,transc,28,sentence-post,,,3217.0,1,,,1.0,0.0
711,transc,28,sentence-post,,,3819.0,1,,,1.0,0.0
712,transc,28,sentence-post,,,3013.0,1,,,1.0,0.0
713,transc,28,sentence-post,,,4676.0,1,,,1.0,0.0
714,transc,28,recall-post,5.0,5.0,22501.0,0,HJQFK,HJKQK,0.6,0.4
715,transc,28,sentence-post,,,4004.0,1,,,1.0,0.0
716,transc,28,sentence-post,,,4609.0,1,,,1.0,0.0
717,transc,28,sentence-post,,,2521.0,1,,,1.0,0.0
718,transc,28,sentence-post,,,3174.0,1,,,1.0,0.0
719,transc,28,recall-post,6.0,4.0,5602.0,1,TRYS,TRYS,1.0,0.0
720,transc,22,sentence-pre,,,,0,,,1.0,0.0
721,transc,22,sentence-pre,,,,0,,,1.0,0.0
722,transc,22,sentence-pre,,,5671.4050000301,1,,,1.0,0.0
723,transc,22,sentence-pre,,,7089.0500000096,1,,,1.0,0.0
724,transc,22,recall-pre,1.0,4.0,7334.4350000261,0,STJL,LTJT,0.5,0.5
725,transc,22,sentence-pre,,,4877.9250000371,1,,,1.0,0.0
726,transc,22,sentence-pre,,,7631.7449999624,1,,,1.0,0.0
727,transc,22,sentence-pre,,,5360.2299999911,1,,,1.0,0.0
728,transc,22,sentence-pre,,,5904.9450000166,1,,,1.0,0.0
729,transc,22,sentence-pre,,,5609.9899999681,0,,,1.0,0.0
730,transc,22,sentence-pre,,,6412.87499998,1,,,1.0,0.0
731,transc,22,recall-pre,2.0,6.0,16083.880000049,0,NHLTPJ,____J,0.16666666666666663,0.8333333333333334
732,transc,22,sentence-pre,,,3524.2849999922,1,,,1.0,0.0
733,transc,22,sentence-pre,,,4572.7699999698,1,,,1.0,0.0
734,transc,22,sentence-pre,,,5428.0649999855,1,,,1.0,0.0
735,transc,22,sentence-pre,,,5021.5600000229,0,,,1.0,0.0
736,transc,22,sentence-pre,,,5580.4549999884,1,,,1.0,0.0
737,transc,22,recall-pre,3.0,5.0,8220.0650000013,1,JRLYH,JRLYH,1.0,0.0
738,transc,22,sentence-pre,,,4539.0500000212,1,,,1.0,0.0
739,transc,22,sentence-pre,,,3743.9149999991,1,,,1.0,0.0
740,transc,22,sentence-pre,,,2990.4700000188,1,,,1.0,0.0
741,transc,22,sentence-pre,,,5471.2700000382,1,,,1.0,0.0
742,transc,22,sentence-pre,,,3701.5949999914,1,,,1.0,0.0
743,transc,22,sentence-pre,,,7814.795000013,1,,,1.0,0.0
744,transc,22,recall-pre,4.0,6.0,17301.890000002,1,LHYRJT,LHYRJT,1.0,0.0
745,transc,22,sentence-pre,,,5797.5650000153,1,,,1.0,0.0
746,transc,22,sentence-pre,,,5922.2300000256,1,,,1.0,0.0
747,transc,22,sentence-pre,,,5280.4950000136,1,,,1.0,0.0
748,transc,22,sentence-pre,,,6088.3999999496,0,,,1.0,0.0
749,transc,22,recall-pre,5.0,4.0,7918.0949999718,1,LRNS,LRNS,1.0,0.0
750,transc,22,sentence-pre,,,4495.820000011,1,,,1.0,0.0
751,transc,22,sentence-pre,,,6274.4550000061,1,,,1.0,0.0
752,transc,22,sentence-pre,,,4380.3900000057,1,,,1.0,0.0
753,transc,22,sentence-pre,,,4033.0249999533,1,,,1.0,0.0
754,transc,22,sentence-pre,,,3816.2149999989,1,,,1.0,0.0
755,transc,22,recall-pre,6.0,5.0,7750.9849999915,1,SQPTL,SQPTL,1.0,0.0
756,transc,22,sentence-post,,,3943.5449999874,1,,,1.0,0.0
757,transc,22,sentence-post,,,5434.0849999571,1,,,1.0,0.0
758,transc,22,sentence-post,,,3266.3899999461,1,,,1.0,0.0
759,transc,22,sentence-post,,,3375.8099999977,1,,,1.0,0.0
760,transc,22,sentence-post,,,3598.9050000207,1,,,1.0,0.0
761,transc,22,recall-post,1.0,5.0,9393.8049999997,1,JRYPK,JRYPK,1.0,0.0
762,transc,22,sentence-post,,,3695.0499999803,1,,,1.0,0.0
763,transc,22,sentence-post,,,3780.2050000173,1,,,1.0,0.0
764,transc,22,sentence-post,,,4846.1249999818,1,,,1.0,0.0
765,transc,22,sentence-post,,,5309.4249999849,0,,,1.0,0.0
766,transc,22,recall-post,2.0,4.0,12047.974999994,0,JPYR,JP_R,0.75,0.25
767,transc,22,sentence-post,,,5122.7600000566,1,,,1.0,0.0
768,transc,22,sentence-post,,,4581.6399999894,1,,,1.0,0.0
769,transc,22,sentence-post,,,4794.4449999486,1,,,1.0,0.0
770,transc,22,sentence-post,,,4883.8499999838,1,,,1.0,0.0
771,transc,22,sentence-post,,,5824.6250000084,1,,,1.0,0.0
772,transc,22,sentence-post,,,4177.2699999856,1,,,1.0,0.0
773,transc,22,recall-post,3.0,6.0,9962.4949999852,1,NKJSPT,NKJSPT,1.0,0.0
774,transc,22,sentence-post,,,3805.1950000226,1,,,1.0,0.0
775,transc,22,sentence-post,,,4334.4550000038,1,,,1.0,0.0
776,transc,22,sentence-post,,,4383.4350000252,1,,,1.0,0.0
777,transc,22,sentence-post,,,4171.5800000238,1,,,1.0,0.0
778,transc,22,recall-post,4.0,4.0,7924.4250000338,1,NTHL,NTHL,1.0,0.0
779,transc,22,sentence-post,,,4643.8950000447,1,,,1.0,0.0
780,transc,22,sentence-post,,,4288.3349999902,1,,,1.0,0.0
781,transc,22,sentence-post,,,3523.659999948,1,,,1.0,0.0
782,transc,22,sentence-post,,,4157.0900000515,1,,,1.0,0.0
783,transc,22,sentence-post,,,5897.3349999869,1,,,1.0,0.0
784,transc,22,sentence-post,,,4237.0000000228,1,,,1.0,0.0
785,transc,22,recall-post,5.0,6.0,8775.8599999943,1,NYKRQT,NYKRQT,1.0,0.0
786,transc,22,sentence-post,,,3976.9649999798,1,,,1.0,0.0
787,transc,22,sentence-post,,,2606.145000027,1,,,1.0,0.0
788,transc,22,sentence-post,,,4731.3250000007,1,,,1.0,0.0
789,transc,22,sentence-post,,,2595.4400000046,1,,,1.0,0.0
790,transc,22,sentence-post,,,7793.9650000189,1,,,1.0,0.0
791,transc,22,recall-post,6.0,5.0,8292.8299999912,1,RJNYK,RJNYK,1.0,0.0
792,transc,26,sentence-pre,,,4625.8450000023,1,,,1.0,0.0
793,transc,26,sentence-pre,,,4005.4550000059,1,,,1.0,0.0
794,transc,26,sentence-pre,,,4284.9950000018,1,,,1.0,0.0
795,transc,26,sentence-pre,,,8705.5499999988,1,,,1.0,0.0
796,transc,26,sentence-pre,,,6386.6600000038,1,,,1.0,0.0
797,transc,26,sentence-pre,,,9709.3899999963,1,,,1.0,0.0
798,transc,26,recall-pre,1.0,6.0,10541.194999998,0,JYPHSL,JYPHS,0.8333333333333334,0.16666666666666666
799,transc,26,sentence-pre,,,6614.1399999979,1,,,1.0,0.0
800,transc,26,sentence-pre,,,4723.6899999989,0,,,1.0,0.0
801,transc,26,sentence-pre,,,6773.3700000026,1,,,1.0,0.0
802,transc,26,sentence-pre,,,3776.9050000061,1,,,1.0,0.0
803,transc,26,recall-pre,2.0,4.0,8601.0349999997,1,SNLT,SNLT,1.0,0.0
804,transc,26,sentence-pre,,,6839.2499999973,1,,,1.0,0.0
805,transc,26,sentence-pre,,,5663.6450000005,1,,,1.0,0.0
806,transc,26,sentence-pre,,,3867.7549999993,1,,,1.0,0.0
807,transc,26,sentence-pre,,,7688.1100000028,0,,,1.0,0.0
808,transc,26,sentence-pre,,,5890.9050000002,1,,,1.0,0.0
809,transc,26,recall-pre,3.0,5.0,9757.9550000009,1,TQSJN,TQSJN,1.0,0.0
810,transc,26,sentence-pre,,,4908.6349999998,1,,,1.0,0.0
811,transc,26,sentence-pre,,,4532.3849999986,1,,,1.0,0.0
812,transc,26,sentence-pre,,,3682.1199999977,1,,,1.0,0.0
813,transc,26,sentence-pre,,,8452.3850000041,1,,,1.0,0.0
814,transc,26,recall-pre,4.0,4.0,7935.9100000001,1,PNYH,PNYH,1.0,0.0
815,transc,26,sentence-pre,,,4793.1399999943,1,,,1.0,0.0
816,transc,26,sentence-pre,,,5339.6549999961,1,,,1.0,0.0
817,transc,26,sentence-pre,,,9853.0099999989,1,,,1.0,0.0
818,transc,26,sentence-pre,,,6491.0300000047,1,,,1.0,0.0
819,transc,26,sentence-pre,,,4756.4250000069,1,,,1.0,0.0
820,transc,26,sentence-pre,,,7892.1400000036,1,,,1.0,0.0
821,transc,26,recall-pre,5.0,6.0,12062.915000002,1,RHSFTQ,RHSFTQ,1.0,0.0
822,transc,26,sentence-pre,,,5031.9449999952,1,,,1.0,0.0
823,transc,26,sentence-pre,,,4366.399999999,1,,,1.0,0.0
824,transc,26,sentence-pre,,,5013.6950000015,1,,,1.0,0.0
825,transc,26,sentence-pre,,,4053.0249999938,1,,,1.0,0.0
826,transc,26,sentence-pre,,,4305.6699999943,1,,,1.0,0.0
827,transc,26,recall-pre,6.0,5.0,8582.5199999963,1,YLJFK,YLJFK,1.0,0.0
828,transc,26,sentence-post,,,4470.7049999996,1,,,1.0,0.0
829,transc,26,sentence-post,,,3853.7700000019,1,,,1.0,0.0
830,transc,26,sentence-post,,,4153.0799999963,1,,,1.0,0.0
831,transc,26,sentence-post,,,5299.1049999981,1,,,1.0,0.0
832,transc,26,recall-post,1.0,4.0,7050.5100000012,1,NKYF,NKYF,1.0,0.0
833,transc,26,sentence-post,,,6061.2449999973,1,,,1.0,0.0
834,transc,26,sentence-post,,,5699.4549999945,1,,,1.0,0.0
835,transc,26,sentence-post,,,6044.3800000064,0,,,1.0,0.0
836,transc,26,sentence-post,,,5755.0000000047,1,,,1.0,0.0
837,transc,26,sentence-post,,,7300.1700000023,1,,,1.0,0.0
838,transc,26,recall-post,2.0,5.0,12365.48,1,JSYLT,JSYLT,1.0,0.0
839,transc,26,sentence-post,,,5095.9700000021,1,,,1.0,0.0
840,transc,26,sentence-post,,,3714.4550000015,1,,,1.0,0.0
841,transc,26,sentence-post,,,3573.7749999971,1,,,1.0,0.0
842,transc,26,sentence-post,,,5296.6049999958,1,,,1.0,0.0
843,transc,26,sentence-post,,,4946.6599999941,1,,,1.0,0.0
844,transc,26,recall-post,3.0,5.0,10418.640000004,1,PJNSY,PJNSY,1.0,0.0
845,transc,26,sentence-post,,,3238.4400000009,1,,,1.0,0.0
846,transc,26,sentence-post,,,3599.7050000005,1,,,1.0,0.0
847,transc,26,sentence-post,,,3536.4100000006,1,,,1.0,0.0
848,transc,26,sentence-post,,,4234.4900000026,1,,,1.0,0.0
849,transc,26,sentence-post,,,3491.5449999971,1,,,1.0,0.0
850,transc,26,sentence-post,,,4347.7949999943,1,,,1.0,0.0
851,transc,26,recall-post,4.0,6.0,12035.489999995,1,LYJTNR,LYJTNR,1.0,0.0
852,transc,26,sentence-post,,,3647.9449999966,1,,,1.0,0.0
853,transc,26,sentence-post,,,3475.4799999939,1,,,1.0,0.0
854,transc,26,sentence-post,,,4386.2799999984,1,,,1.0,0.0
855,transc,26,sentence-post,,,3657.3599999971,1,,,1.0,0.0
856,transc,26,sentence-post,,,5963.9250000035,1,,,1.0,0.0
857,transc,26,sentence-post,,,2947.5200000014,1,,,1.0,0.0
858,transc,26,recall-post,5.0,6.0,14946.454999997,1,JNYKQH,JNYKQH,1.0,0.0
859,transc,26,sentence-post,,,3377.2400000016,1,,,1.0,0.0
860,transc,26,sentence-post,,,4624.809999994,1,,,1.0,0.0
861,transc,26,sentence-post,,,3319.3750000065,1,,,1.0,0.0
862,transc,26,sentence-post,,,4982.1299999966,1,,,1.0,0.0
863,transc,26,recall-post,6.0,4.0,11061.419999998,1,SYFN,SYFN,1.0,0.0
864,control,29,sentence-pre,,,3519.1899999991,1,,,1.0,0.0
865,control,29,sentence-pre,,,5253.810000002,1,,,1.0,0.0
866,control,29,sentence-pre,,,4641.4049999948,1,,,1.0,0.0
867,control,29,sentence-pre,,,4799.3399999978,1,,,1.0,0.0
868,control,29,recall-pre,1.0,4.0,7290.4349999953,1,KJRT,KJRT,1.0,0.0
869,control,29,sentence-pre,,,3383.8849999956,1,,,1.0,0.0
870,control,29,sentence-pre,,,4667.2400000025,0,,,1.0,0.0
871,control,29,sentence-pre,,,3773.9299999957,1,,,1.0,0.0
872,control,29,sentence-pre,,,5038.1450000059,0,,,1.0,0.0
873,control,29,sentence-pre,,,5595.7999999955,1,,,1.0,0.0
874,control,29,sentence-pre,,,6348.8050000014,1,,,1.0,0.0
875,control,29,recall-pre,2.0,6.0,10386.420000003,1,FLJPTQ,FLJPTQ,1.0,0.0
876,control,29,sentence-pre,,,3052.1100000042,1,,,1.0,0.0
877,control,29,sentence-pre,,,4858.7800000023,0,,,1.0,0.0
878,control,29,sentence-pre,,,4563.645000002,1,,,1.0,0.0
879,control,29,sentence-pre,,,5022.3000000042,0,,,1.0,0.0
880,control,29,sentence-pre,,,5392.9450000069,1,,,1.0,0.0
881,control,29,recall-pre,3.0,5.0,8235.8600000007,1,PSRJF,PSRJF,1.0,0.0
882,control,29,sentence-pre,,,5617.3199999976,1,,,1.0,0.0
883,control,29,sentence-pre,,,4578.9049999948,1,,,1.0,0.0
884,control,29,sentence-pre,,,4704.4949999981,1,,,1.0,0.0
885,control,29,sentence-pre,,,3965.5800000037,1,,,1.0,0.0
886,control,29,sentence-pre,,,4140.9550000026,1,,,1.0,0.0
887,control,29,recall-pre,4.0,5.0,8288.5100000058,1,NSTKJ,NSTKJ,1.0,0.0
888,control,29,sentence-pre,,,4028.8,1,,,1.0,0.0
889,control,29,sentence-pre,,,6726.6349999991,1,,,1.0,0.0
890,control,29,sentence-pre,,,5859.4649999941,1,,,1.0,0.0
891,control,29,sentence-pre,,,7127.5249999962,1,,,1.0,0.0
892,control,29,sentence-pre,,,,0,,,1.0,0.0
893,control,29,sentence-pre,,,4454.310000001,1,,,1.0,0.0
894,control,29,recall-pre,5.0,6.0,58226.085000002,0,HYSTJR,HJPRY,0.16666666666666663,0.8333333333333334
895,control,29,sentence-pre,,,5916.1850000019,0,,,1.0,0.0
896,control,29,sentence-pre,,,6465.670000005,1,,,1.0,0.0
897,control,29,sentence-pre,,,4749.6800000008,1,,,1.0,0.0
898,control,29,sentence-pre,,,5225.8000000002,1,,,1.0,0.0
899,control,29,recall-pre,6.0,4.0,8926.9599999971,1,HLKN,HLKN,1.0,0.0
900,control,29,sentence-post,,,5985.6199999996,1,,,1.0,0.0
901,control,29,sentence-post,,,4439.9600000032,1,,,1.0,0.0
902,control,29,sentence-post,,,5750.1849999973,1,,,1.0,0.0
903,control,29,sentence-post,,,6589.0050000013,1,,,1.0,0.0
904,control,29,recall-post,1.0,4.0,9267.6999999969,1,JNSL,JNSL,1.0,0.0
905,control,29,sentence-post,,,3768.4550000047,1,,,1.0,0.0
906,control,29,sentence-post,,,4251.5049999999,1,,,1.0,0.0
907,control,29,sentence-post,,,4290.7749999943,0,,,1.0,0.0
908,control,29,sentence-post,,,5912.6050000051,1,,,1.0,0.0
909,control,29,recall-post,2.0,4.0,8087.339999998,0,RYNT,YRYNT,0.8,0.2
910,control,29,sentence-post,,,4263.5049999952,1,,,1.0,0.0
911,control,29,sentence-post,,,4350.2399999998,1,,,1.0,0.0
912,control,29,sentence-post,,,3510.79,1,,,1.0,0.0
913,control,29,sentence-post,,,4173.0150000001,1,,,1.0,0.0
914,control,29,sentence-post,,,5000.2899999963,1,,,1.0,0.0
915,control,29,sentence-post,,,3854.6500000013,1,,,1.0,0.0
916,control,29,recall-post,3.0,6.0,15662.329999999,0,PKQNJR,PKQNR,0.8333333333333334,0.16666666666666666
917,control,29,sentence-post,,,3749.3949999991,1,,,1.0,0.0
918,control,29,sentence-post,,,2897.0550000011,1,,,1.0,0.0
919,control,29,sentence-post,,,4708.4899999974,1,,,1.0,0.0
920,control,29,sentence-post,,,5775.855,0,,,1.0,0.0
921,control,29,sentence-post,,,4775.2749999999,1,,,1.0,0.0
922,control,29,sentence-post,,,5133.759999997,1,,,1.0,0.0
923,control,29,recall-post,4.0,6.0,8697.0900000017,0,QHLPFY,QHFLPY,0.6666666666666667,0.3333333333333333
924,control,29,sentence-post,,,4417.0100000049,1,,,1.0,0.0
925,control,29,sentence-post,,,4002.2150000003,1,,,1.0,0.0
926,control,29,sentence-post,,,5121.8599999989,1,,,1.0,0.0
927,control,29,sentence-post,,,3433.2949999953,1,,,1.0,0.0
928,control,29,sentence-post,,,5027.9549999977,1,,,1.0,0.0
929,control,29,recall-post,5.0,5.0,9020.6249999977,1,YRQFS,YRQFS,1.0,0.0
930,control,29,sentence-post,,,3648.1700000004,1,,,1.0,0.0
931,control,29,sentence-post,,,4163.3799999985,1,,,1.0,0.0
932,control,29,sentence-post,,,4299.3649999993,1,,,1.0,0.0
933,control,29,sentence-post,,,2561.6149999984,1,,,1.0,0.0
934,control,29,sentence-post,,,5555.5049999966,1,,,1.0,0.0
935,control,29,recall-post,6.0,5.0,7332.1399999987,1,RHQSP,RHQSP,1.0,0.0
936,control,32,sentence-pre,,,4598.0,1,,,1.0,0.0
937,control,32,sentence-pre,,,6234.0,1,,,1.0,0.0
938,control,32,sentence-pre,,,5975.0,1,,,1.0,0.0
939,control,32,sentence-pre,,,3816.0,1,,,1.0,0.0
940,control,32,sentence-pre,,,6661.0,1,,,1.0,0.0
941,control,32,recall-pre,1.0,5.0,6005.0,1,FLRTP,FLRTP,1.0,0.0
942,control,32,sentence-pre,,,5773.0,1,,,1.0,0.0
943,control,32,sentence-pre,,,3974.0,1,,,1.0,0.0
944,control,32,sentence-pre,,,7078.0,1,,,1.0,0.0
945,control,32,sentence-pre,,,4691.0,1,,,1.0,0.0
946,control,32,recall-pre,2.0,4.0,6531.0,1,RNSF,RNSF,1.0,0.0
947,control,32,sentence-pre,,,5585.0,1,,,1.0,0.0
948,control,32,sentence-pre,,,5593.0,1,,,1.0,0.0
949,control,32,sentence-pre,,,4896.0,1,,,1.0,0.0
950,control,32,sentence-pre,,,5346.0,1,,,1.0,0.0
951,control,32,recall-pre,3.0,4.0,5228.0,1,KHRF,KHRF,1.0,0.0
952,control,32,sentence-pre,,,5335.0,0,,,1.0,0.0
953,control,32,sentence-pre,,,4333.0,1,,,1.0,0.0
954,control,32,sentence-pre,,,4963.0,1,,,1.0,0.0
955,control,32,sentence-pre,,,4445.0,1,,,1.0,0.0
956,control,32,sentence-pre,,,4423.0,1,,,1.0,0.0
957,control,32,sentence-pre,,,5661.0,1,,,1.0,0.0
958,control,32,recall-pre,4.0,6.0,6203.0,1,HYLNJK,HYLNJK,1.0,0.0
959,control,32,sentence-pre,,,4338.0,1,,,1.0,0.0
960,control,32,sentence-pre,,,6651.0,0,,,1.0,0.0
961,control,32,sentence-pre,,,5074.0,1,,,1.0,0.0
962,control,32,sentence-pre,,,4175.0,1,,,1.0,0.0
963,control,32,sentence-pre,,,5784.0,1,,,1.0,0.0
964,control,32,sentence-pre,,,5450.0,1,,,1.0,0.0
965,control,32,recall-pre,5.0,6.0,8643.0,1,SPLNKF,SPLNKF,1.0,0.0
966,control,32,sentence-pre,,,3640.0,1,,,1.0,0.0
967,control,32,sentence-pre,,,6087.9999999999,1,,,1.0,0.0
968,control,32,sentence-pre,,,3837.0,1,,,1.0,0.0
969,control,32,sentence-pre,,,3141.0,1,,,1.0,0.0
970,control,32,sentence-pre,,,5142.0,1,,,1.0,0.0
971,control,32,recall-pre,6.0,5.0,6677.0,1,HKYPF,HKYPF,1.0,0.0
972,control,32,sentence-post,,,3683.0,1,,,1.0,0.0
973,control,32,sentence-post,,,3659.0,1,,,1.0,0.0
974,control,32,sentence-post,,,4963.0,1,,,1.0,0.0
975,control,32,sentence-post,,,5773.0,1,,,1.0,0.0
976,control,32,sentence-post,,,6932.0,1,,,1.0,0.0
977,control,32,sentence-post,,,5310.0,1,,,1.0,0.0
978,control,32,recall-post,1.0,6.0,6541.9999999995,1,HNYKJF,HNYKJF,1.0,0.0
979,control,32,sentence-post,,,6566.0,1,,,1.0,0.0
980,control,32,sentence-post,,,5312.0,0,,,1.0,0.0
981,control,32,sentence-post,,,7325.0,1,,,1.0,0.0
982,control,32,sentence-post,,,3647.0,1,,,1.0,0.0
983,control,32,sentence-post,,,4231.0,1,,,1.0,0.0
984,control,32,recall-post,2.0,5.0,4639.0,1,LKHPQ,LKHPQ,1.0,0.0
985,control,32,sentence-post,,,5665.0,1,,,1.0,0.0
986,control,32,sentence-post,,,3287.0,1,,,1.0,0.0
987,control,32,sentence-post,,,2299.0,1,,,1.0,0.0
988,control,32,sentence-post,,,3937.0,1,,,1.0,0.0
989,control,32,sentence-post,,,2150.0000000005,1,,,1.0,0.0
990,control,32,recall-post,3.0,5.0,6078.0,1,HTYLR,HTYLR,1.0,0.0
991,control,32,sentence-post,,,3113.0,1,,,1.0,0.0
992,control,32,sentence-post,,,3489.0,1,,,1.0,0.0
993,control,32,sentence-post,,,2240.0,1,,,1.0,0.0
994,control,32,sentence-post,,,4804.0000000005,1,,,1.0,0.0
995,control,32,recall-post,4.0,4.0,4102.0000000005,1,SNQJ,SNQJ,1.0,0.0
996,control,32,sentence-post,,,2998.0000000005,1,,,1.0,0.0
997,control,32,sentence-post,,,3364.0,1,,,1.0,0.0
998,control,32,sentence-post,,,3027.0,1,,,1.0,0.0
999,control,32,sentence-post,,,3064.0,1,,,1.0,0.0
1000,control,32,recall-post,5.0,4.0,5716.0,1,FQRH,FQRH,1.0,0.0
1001,control,32,sentence-post,,,3292.0,1,,,1.0,0.0
1002,control,32,sentence-post,,,4209.0,1,,,1.0,0.0
1003,control,32,sentence-post,,,2500.0,1,,,1.0,0.0
1004,control,32,sentence-post,,,4782.0,1,,,1.0,0.0
1005,control,32,sentence-post,,,2206.0,1,,,1.0,0.0
1006,control,32,sentence-post,,,4187.0,1,,,1.0,0.0
1007,control,32,recall-post,6.0,6.0,9668.0,1,NJPRKF,NJPRKF,1.0,0.0
1008,control,30,sentence-pre,,,5728.0,0,,,1.0,0.0
1009,control,30,sentence-pre,,,8707.0,1,,,1.0,0.0
1010,control,30,sentence-pre,,,6114.0,1,,,1.0,0.0
1011,control,30,sentence-pre,,,6753.0,1,,,1.0,0.0
1012,control,30,recall-pre,1.0,4.0,9525.0,1,LNHY,LNHY,1.0,0.0
1013,control,30,sentence-pre,,,6957.0,1,,,1.0,0.0
1014,control,30,sentence-pre,,,7626.0,0,,,1.0,0.0
1015,control,30,sentence-pre,,,7854.0,0,,,1.0,0.0
1016,control,30,sentence-pre,,,6050.0,0,,,1.0,0.0
1017,control,30,sentence-pre,,,6394.0,1,,,1.0,0.0
1018,control,30,recall-pre,2.0,5.0,17501.0,0,TLJKN,TLJQN,0.8,0.2
1019,control,30,sentence-pre,,,8312.0,0,,,1.0,0.0
1020,control,30,sentence-pre,,,5387.0,1,,,1.0,0.0
1021,control,30,sentence-pre,,,6171.0,1,,,1.0,0.0
1022,control,30,sentence-pre,,,10238.0,1,,,1.0,0.0
1023,control,30,sentence-pre,,,,0,,,1.0,0.0
1024,control,30,sentence-pre,,,4315.0,0,,,1.0,0.0
1025,control,30,recall-pre,3.0,6.0,17023.0,0,YRFQSN,YRFQSL,0.8333333333333334,0.16666666666666666
1026,control,30,sentence-pre,,,6580.0,1,,,1.0,0.0
1027,control,30,sentence-pre,,,6340.0,1,,,1.0,0.0
1028,control,30,sentence-pre,,,5285.0,1,,,1.0,0.0
1029,control,30,sentence-pre,,,4438.0,1,,,1.0,0.0
1030,control,30,sentence-pre,,,5820.9999999999,1,,,1.0,0.0
1031,control,30,recall-pre,4.0,5.0,20814.0,0,HSTJN,YSTJN,0.8,0.2
1032,control,30,sentence-pre,,,7074.0,1,,,1.0,0.0
1033,control,30,sentence-pre,,,,0,,,1.0,0.0
1034,control,30,sentence-pre,,,5233.0000000001,1,,,1.0,0.0
1035,control,30,sentence-pre,,,5973.0,1,,,1.0,0.0
1036,control,30,sentence-pre,,,6334.0,0,,,1.0,0.0
1037,control,30,sentence-pre,,,6974.9999999999,0,,,1.0,0.0
1038,control,30,recall-pre,5.0,6.0,38462.0,0,RYHFPT,RYHFP,0.8333333333333334,0.16666666666666666
1039,control,30,sentence-pre,,,8286.0,1,,,1.0,0.0
1040,control,30,sentence-pre,,,8185.0000000001,1,,,1.0,0.0
1041,control,30,sentence-pre,,,6583.0000000001,0,,,1.0,0.0
1042,control,30,sentence-pre,,,6231.0,1,,,1.0,0.0
1043,control,30,recall-pre,6.0,4.0,6499.0,1,THQL,THQL,1.0,0.0
1044,control,30,sentence-post,,,6201.0,1,,,1.0,0.0
1045,control,30,sentence-post,,,6006.9999999995,0,,,1.0,0.0
1046,control,30,sentence-post,,,4183.0,0,,,1.0,0.0
1047,control,30,sentence-post,,,1413.0,1,,,1.0,0.0
1048,control,30,recall-post,1.0,4.0,14076.0,1,PSYK,PSYK,1.0,0.0
1049,control,30,sentence-post,,,5756.0,0,,,1.0,0.0
1050,control,30,sentence-post,,,6427.9999999995,0,,,1.0,0.0
1051,control,30,sentence-post,,,5246.0,0,,,1.0,0.0
1052,control,30,sentence-post,,,7696.0,0,,,1.0,0.0
1053,control,30,recall-post,2.0,4.0,8484.0,1,QSPH,QSPH,1.0,0.0
1054,control,30,sentence-post,,,7755.0,1,,,1.0,0.0
1055,control,30,sentence-post,,,3453.0,0,,,1.0,0.0
1056,control,30,sentence-post,,,6924.0,0,,,1.0,0.0
1057,control,30,sentence-post,,,7104.0,0,,,1.0,0.0
1058,control,30,sentence-post,,,8464.0,1,,,1.0,0.0
1059,control,30,sentence-post,,,3713.0000000005,0,,,1.0,0.0
1060,control,30,recall-post,3.0,6.0,13424.0,1,RKTPSL,RKTPSL,1.0,0.0
1061,control,30,sentence-post,,,2798.0000000005,0,,,1.0,0.0
1062,control,30,sentence-post,,,2329.0000000005,1,,,1.0,0.0
1063,control,30,sentence-post,,,3691.0,0,,,1.0,0.0
1064,control,30,sentence-post,,,1977.0,1,,,1.0,0.0
1065,control,30,sentence-post,,,4350.0,1,,,1.0,0.0
1066,control,30,sentence-post,,,3003.0,1,,,1.0,0.0
1067,control,30,recall-post,4.0,6.0,11221.0,1,LNFJPS,LNFJPS,1.0,0.0
1068,control,30,sentence-post,,,5030.0,1,,,1.0,0.0
1069,control,30,sentence-post,,,7272.0,1,,,1.0,0.0
1070,control,30,sentence-post,,,3624.0,1,,,1.0,0.0
1071,control,30,sentence-post,,,7024.0,1,,,1.0,0.0
1072,control,30,sentence-post,,,4839.0,1,,,1.0,0.0
1073,control,30,recall-post,5.0,5.0,8791.0,0,SQFKT,SQFRT,0.8,0.2
1074,control,30,sentence-post,,,8644.0,1,,,1.0,0.0
1075,control,30,sentence-post,,,3345.0,1,,,1.0,0.0
1076,control,30,sentence-post,,,7114.0,1,,,1.0,0.0
1077,control,30,sentence-post,,,6147.0,1,,,1.0,0.0
1078,control,30,sentence-post,,,4331.0,1,,,1.0,0.0
1079,control,30,recall-post,6.0,5.0,8165.0,1,HQRTL,HQRTL,1.0,0.0
1080,control,34,sentence-pre,,,6618.6749999979,0,,,1.0,0.0
1081,control,34,sentence-pre,,,9009.5800000054,0,,,1.0,0.0
1082,control,34,sentence-pre,,,6620.2950000006,1,,,1.0,0.0
1083,control,34,sentence-pre,,,9704.7450000027,1,,,1.0,0.0
1084,control,34,sentence-pre,,,6701.215000001,0,,,1.0,0.0
1085,control,34,recall-pre,1.0,5.0,20950.805,1,PLNJQ,PLNJQ,1.0,0.0
1086,control,34,sentence-pre,,,7867.2200000001,0,,,1.0,0.0
1087,control,34,sentence-pre,,,7988.3049999989,1,,,1.0,0.0
1088,control,34,sentence-pre,,,6148.2350000006,0,,,1.0,0.0
1089,control,34,sentence-pre,,,8267.4849999967,1,,,1.0,0.0
1090,control,34,sentence-pre,,,11684.695000004,1,,,1.0,0.0
1091,control,34,sentence-pre,,,9887.2400000037,1,,,1.0,0.0
1092,control,34,recall-pre,2.0,6.0,37798.045000003,0,RJLSKY,RLJY,0.5,0.5
1093,control,34,sentence-pre,,,12596.140000001,0,,,1.0,0.0
1094,control,34,sentence-pre,,,10462.925,1,,,1.0,0.0
1095,control,34,sentence-pre,,,9002.2750000062,0,,,1.0,0.0
1096,control,34,sentence-pre,,,7206.1299999987,1,,,1.0,0.0
1097,control,34,recall-pre,3.0,4.0,11110.370000002,0,LFYK,RLJK,0.25,0.75
1098,control,34,sentence-pre,,,9669.8000000033,1,,,1.0,0.0
1099,control,34,sentence-pre,,,9034.9449999994,1,,,1.0,0.0
1100,control,34,sentence-pre,,,7566.8450000012,1,,,1.0,0.0
1101,control,34,sentence-pre,,,7918.4200000018,1,,,1.0,0.0
1102,control,34,sentence-pre,,,4973.6149999953,1,,,1.0,0.0
1103,control,34,sentence-pre,,,7022.1250000031,0,,,1.0,0.0
1104,control,34,recall-pre,4.0,6.0,22333.455,0,SKPRTQ,SPJKQT,0.33333333333333337,0.6666666666666666
1105,control,34,sentence-pre,,,13173.820000004,0,,,1.0,0.0
1106,control,34,sentence-pre,,,,0,,,1.0,0.0
1107,control,34,sentence-pre,,,12233.740000003,1,,,1.0,0.0
1108,control,34,sentence-pre,,,8308.8800000041,0,,,1.0,0.0
1109,control,34,recall-pre,5.0,4.0,25206.724999996,1,LKQT,LKQT,1.0,0.0
1110,control,34,sentence-pre,,,8771.0050000023,1,,,1.0,0.0
1111,control,34,sentence-pre,,,2364.4199999981,1,,,1.0,0.0
1112,control,34,sentence-pre,,,11689.064999999,1,,,1.0,0.0
1113,control,34,sentence-pre,,,5996.8049999952,1,,,1.0,0.0
1114,control,34,sentence-pre,,,8004.1399999973,1,,,1.0,0.0
1115,control,34,recall-pre,6.0,5.0,24028.985000004,0,HLFST,HFLST,0.6,0.4
1116,control,34,sentence-post,,,11319.735000005,1,,,1.0,0.0
1117,control,34,sentence-post,,,9218.2499999981,1,,,1.0,0.0
1118,control,34,sentence-post,,,6676.7049999982,0,,,1.0,0.0
1119,control,34,sentence-post,,,9049.5249999948,1,,,1.0,0.0
1120,control,34,sentence-post,,,14572.645,1,,,1.0,0.0
1121,control,34,recall-post,1.0,5.0,18957.580000002,0,NLRFK,NLRSK,0.8,0.2
1122,control,34,sentence-post,,,10892.775,0,,,1.0,0.0
1123,control,34,sentence-post,,,10293.600000004,0,,,1.0,0.0
1124,control,34,sentence-post,,,10332.020000002,0,,,1.0,0.0
1125,control,34,sentence-post,,,7843.7400000039,0,,,1.0,0.0
1126,control,34,sentence-post,,,7890.7550000004,1,,,1.0,0.0
1127,control,34,recall-post,2.0,5.0,13133.925000002,0,TQFRH,TQFR,0.8,0.2
1128,control,34,sentence-post,,,6973.5099999965,1,,,1.0,0.0
1129,control,34,sentence-post,,,15172.254999998,1,,,1.0,0.0
1130,control,34,sentence-post,,,10204.299999998,1,,,1.0,0.0
1131,control,34,sentence-post,,,8110.655000004,1,,,1.0,0.0
1132,control,34,sentence-post,,,5414.1650000019,1,,,1.0,0.0
1133,control,34,sentence-post,,,6663.3149999981,1,,,1.0,0.0
1134,control,34,recall-post,3.0,6.0,15678.354999997,0,QTPNRF,NQKLP,0.0,1.0
1135,control,34,sentence-post,,,8541.0950000007,1,,,1.0,0.0
1136,control,34,sentence-post,,,8460.7299999991,1,,,1.0,0.0
1137,control,34,sentence-post,,,10727.959999996,1,,,1.0,0.0
1138,control,34,sentence-post,,,12511.145000004,1,,,1.0,0.0
1139,control,34,recall-post,4.0,4.0,21310.680000002,0,HRFS,QLNS,0.25,0.75
1140,control,34,sentence-post,,,7372.9450000026,1,,,1.0,0.0
1141,control,34,sentence-post,,,7069.5050000069,1,,,1.0,0.0
1142,control,34,sentence-post,,,6415.7100000009,1,,,1.0,0.0
1143,control,34,sentence-post,,,8968.4649999985,1,,,1.0,0.0
1144,control,34,sentence-post,,,7244.7850000029,1,,,1.0,0.0
1145,control,34,sentence-post,,,4082.1849999996,1,,,1.0,0.0
1146,control,34,recall-post,5.0,6.0,25642.095000003,0,HYKTRJ,HNFYLJ,0.33333333333333337,0.6666666666666666
1147,control,34,sentence-post,,,7410.2850000053,1,,,1.0,0.0
1148,control,34,sentence-post,,,9251.2799999965,0,,,1.0,0.0
1149,control,34,sentence-post,,,11316.67,1,,,1.0,0.0
1150,control,34,sentence-post,,,10797.350000001,1,,,1.0,0.0
1151,control,34,recall-post,6.0,4.0,10573.539999998,0,LJTN,LPN,0.5,0.5
1152,control,36,sentence-pre,,,2697.3150000013,1,,,1.0,0.0
1153,control,36,sentence-pre,,,2740.8599999981,1,,,1.0,0.0
1154,control,36,sentence-pre,,,3533.4699999985,1,,,1.0,0.0
1155,control,36,sentence-pre,,,5105.1899999984,1,,,1.0,0.0
1156,control,36,sentence-pre,,,4101.6100000015,1,,,1.0,0.0
1157,control,36,recall-pre,1.0,5.0,5637.3450000028,1,RYSNQ,RYSNQ,1.0,0.0
1158,control,36,sentence-pre,,,,0,,,1.0,0.0
1159,control,36,sentence-pre,,,3894.3099999997,1,,,1.0,0.0
1160,control,36,sentence-pre,,,3522.2049999975,1,,,1.0,0.0
1161,control,36,sentence-pre,,,2250.0049999981,1,,,1.0,0.0
1162,control,36,recall-pre,2.0,4.0,3601.534999998,1,FLYJ,FLYJ,1.0,0.0
1163,control,36,sentence-pre,,,3027.7650000025,1,,,1.0,0.0
1164,control,36,sentence-pre,,,2667.05,1,,,1.0,0.0
1165,control,36,sentence-pre,,,3287.5299999978,1,,,1.0,0.0
1166,control,36,sentence-pre,,,2603.5150000025,1,,,1.0,0.0
1167,control,36,sentence-pre,,,5254.3799999985,1,,,1.0,0.0
1168,control,36,recall-pre,3.0,5.0,5485.9800000013,1,KHPFQ,KHPFQ,1.0,0.0
1169,control,36,sentence-pre,,,3170.5300000031,1,,,1.0,0.0
1170,control,36,sentence-pre,,,3416.1700000004,1,,,1.0,0.0
1171,control,36,sentence-pre,,,2046.9200000007,1,,,1.0,0.0
1172,control,36,sentence-pre,,,2647.1700000002,1,,,1.0,0.0
1173,control,36,sentence-pre,,,4485.3599999987,1,,,1.0,0.0
1174,control,36,sentence-pre,,,3253.0699999988,1,,,1.0,0.0
1175,control,36,recall-pre,4.0,6.0,10524.624999998,1,KRSFHL,KRSFHL,1.0,0.0
1176,control,36,sentence-pre,,,4134.5299999993,1,,,1.0,0.0
1177,control,36,sentence-pre,,,4901.034999999,1,,,1.0,0.0
1178,control,36,sentence-pre,,,4676.2149999995,1,,,1.0,0.0
1179,control,36,sentence-pre,,,7010.0249999996,1,,,1.0,0.0
1180,control,36,sentence-pre,,,3345.4450000026,1,,,1.0,0.0
1181,control,36,sentence-pre,,,5227.8749999969,1,,,1.0,0.0
1182,control,36,recall-pre,5.0,6.0,11083.759999998,0,YSFTKR,FSFKTR,0.5,0.5
1183,control,36,sentence-pre,,,6547.6300000009,1,,,1.0,0.0
1184,control,36,sentence-pre,,,4066.5200000003,1,,,1.0,0.0
1185,control,36,sentence-pre,,,2279.3999999994,1,,,1.0,0.0
1186,control,36,sentence-pre,,,1702.7450000023,1,,,1.0,0.0
1187,control,36,recall-pre,6.0,4.0,5903.795000002,1,JNQT,JNQT,1.0,0.0
1188,control,36,sentence-post,,,4686.4249999998,1,,,1.0,0.0
1189,control,36,sentence-post,,,3976.2850000006,1,,,1.0,0.0
1190,control,36,sentence-post,,,3235.9099999995,1,,,1.0,0.0
1191,control,36,sentence-post,,,2441.429999999,1,,,1.0,0.0
1192,control,36,sentence-post,,,5212.1150000021,1,,,1.0,0.0
1193,control,36,recall-post,1.0,5.0,4295.1700000013,1,QLYNP,QLYNP,1.0,0.0
1194,control,36,sentence-post,,,3761.5550000011,1,,,1.0,0.0
1195,control,36,sentence-post,,,4685.4399999974,1,,,1.0,0.0
1196,control,36,sentence-post,,,,0,,,1.0,0.0
1197,control,36,sentence-post,,,6135.2249999982,1,,,1.0,0.0
1198,control,36,recall-post,2.0,4.0,5073.8600000003,1,LQYH,LQYH,1.0,0.0
1199,control,36,sentence-post,,,4173.2649999976,1,,,1.0,0.0
1200,control,36,sentence-post,,,2882.0799999996,1,,,1.0,0.0
1201,control,36,sentence-post,,,2635.1199999989,1,,,1.0,0.0
1202,control,36,sentence-post,,,2563.0700000003,1,,,1.0,0.0
1203,control,36,sentence-post,,,4125.355,1,,,1.0,0.0
1204,control,36,sentence-post,,,4797.784999999,1,,,1.0,0.0
1205,control,36,recall-post,3.0,6.0,6147.3699999987,0,JSHPFR,JHSPFR,0.6666666666666667,0.3333333333333333
1206,control,36,sentence-post,,,2599.7349999999,1,,,1.0,0.0
1207,control,36,sentence-post,,,3368.8800000018,1,,,1.0,0.0
1208,control,36,sentence-post,,,4132.7050000001,1,,,1.0,0.0
1209,control,36,sentence-post,,,2767.1499999997,1,,,1.0,0.0
1210,control,36,sentence-post,,,2779.1100000031,1,,,1.0,0.0
1211,control,36,sentence-post,,,5616.7700000005,1,,,1.0,0.0
1212,control,36,recall-post,4.0,6.0,5763.4099999995,0,QPJRNF,QPJRFF,0.8333333333333334,0.16666666666666666
1213,control,36,sentence-post,,,4998.2799999998,1,,,1.0,0.0
1214,control,36,sentence-post,,,4526.6249999986,1,,,1.0,0.0
1215,control,36,sentence-post,,,1924.2950000006,1,,,1.0,0.0
1216,control,36,sentence-post,,,5002.9399999985,1,,,1.0,0.0
1217,control,36,recall-post,5.0,4.0,3481.5850000014,1,YTQP,YTQP,1.0,0.0
1218,control,36,sentence-post,,,3971.3650000012,1,,,1.0,0.0
1219,control,36,sentence-post,,,1944.7599999984,1,,,1.0,0.0
1220,control,36,sentence-post,,,3670.8150000013,1,,,1.0,0.0
1221,control,36,sentence-post,,,1454.1800000006,1,,,1.0,0.0
1222,control,36,sentence-post,,,3199.0000000005,1,,,1.0,0.0
1223,control,36,recall-post,6.0,5.0,7425.0749999993,1,FQJNH,FQJNH,1.0,0.0
1224,control,38,sentence-pre,,,2766.1250000001,1,,,1.0,0.0
1225,control,38,sentence-pre,,,1946.5249999994,1,,,1.0,0.0
1226,control,38,sentence-pre,,,2396.7599999996,1,,,1.0,0.0
1227,control,38,sentence-pre,,,1513.2600000006,1,,,1.0,0.0
1228,control,38,sentence-pre,,,2076.6000000003,1,,,1.0,0.0
1229,control,38,recall-pre,1.0,5.0,6090.0249999995,1,PHKLN,PHKLN,1.0,0.0
1230,control,38,sentence-pre,,,2606.7899999998,1,,,1.0,0.0
1231,control,38,sentence-pre,,,1329.5500000004,1,,,1.0,0.0
1232,control,38,sentence-pre,,,2087.7449999998,1,,,1.0,0.0
1233,control,38,sentence-pre,,,1162.4099999999,1,,,1.0,0.0
1234,control,38,sentence-pre,,,1502.0900000009,1,,,1.0,0.0
1235,control,38,sentence-pre,,,2937.4049999997,1,,,1.0,0.0
1236,control,38,recall-pre,2.0,6.0,5972.9299999999,1,LSYQRT,LSYQRT,1.0,0.0
1237,control,38,sentence-pre,,,1866.1200000006,1,,,1.0,0.0
1238,control,38,sentence-pre,,,2202.73,1,,,1.0,0.0
1239,control,38,sentence-pre,,,1822.4449999998,1,,,1.0,0.0
1240,control,38,sentence-pre,,,1632.7849999998,1,,,1.0,0.0
1241,control,38,recall-pre,3.0,4.0,4470.6849999993,1,NHSJ,NHSJ,1.0,0.0
1242,control,38,sentence-pre,,,1704.4450000003,1,,,1.0,0.0
1243,control,38,sentence-pre,,,1438.8650000001,1,,,1.0,0.0
1244,control,38,sentence-pre,,,1496.9700000001,1,,,1.0,0.0
1245,control,38,sentence-pre,,,3243.8750000001,1,,,1.0,0.0
1246,control,38,sentence-pre,,,1590.94,1,,,1.0,0.0
1247,control,38,recall-pre,4.0,5.0,3813.0899999996,1,SJLYP,SJLYP,1.0,0.0
1248,control,38,sentence-pre,,,2926.7299999992,1,,,1.0,0.0
1249,control,38,sentence-pre,,,1104.4500000007,1,,,1.0,0.0
1250,control,38,sentence-pre,,,1447.9999999994,1,,,1.0,0.0
1251,control,38,sentence-pre,,,1326.8250000001,1,,,1.0,0.0
1252,control,38,sentence-pre,,,1758.2250000005,1,,,1.0,0.0
1253,control,38,sentence-pre,,,1944.5649999998,1,,,1.0,0.0
1254,control,38,recall-pre,5.0,6.0,8681.6800000006,0,HSJKPY,SHJKPY,0.6666666666666667,0.3333333333333333
1255,control,38,sentence-pre,,,1835.0650000002,1,,,1.0,0.0
1256,control,38,sentence-pre,,,2711.4649999994,1,,,1.0,0.0
1257,control,38,sentence-pre,,,1955.8700000007,1,,,1.0,0.0
1258,control,38,sentence-pre,,,1735.4650000006,1,,,1.0,0.0
1259,control,38,recall-pre,6.0,4.0,4833.67,1,STJH,STJH,1.0,0.0
1260,control,38,sentence-post,,,2838.8400000003,1,,,1.0,0.0
1261,control,38,sentence-post,,,3752.9699999995,1,,,1.0,0.0
1262,control,38,sentence-post,,,2065.8900000008,1,,,1.0,0.0
1263,control,38,sentence-post,,,2646.9650000001,1,,,1.0,0.0
1264,control,38,sentence-post,,,2820.7299999995,1,,,1.0,0.0
1265,control,38,recall-post,1.0,5.0,5495.5499999996,1,YHPTQ,YHPTQ,1.0,0.0
1266,control,38,sentence-post,,,5557.1100000006,0,,,1.0,0.0
1267,control,38,sentence-post,,,2862.2949999999,1,,,1.0,0.0
1268,control,38,sentence-post,,,3084.28,1,,,1.0,0.0
1269,control,38,sentence-post,,,3837.1900000002,1,,,1.0,0.0
1270,control,38,recall-post,2.0,4.0,5175.7850000004,1,NPYT,NPYT,1.0,0.0
1271,control,38,sentence-post,,,3585.8349999997,1,,,1.0,0.0
1272,control,38,sentence-post,,,2677.3249999997,1,,,1.0,0.0
1273,control,38,sentence-post,,,3305.9649999996,1,,,1.0,0.0
1274,control,38,sentence-post,,,2477.1000000001,1,,,1.0,0.0
1275,control,38,sentence-post,,,2574.1449999996,1,,,1.0,0.0
1276,control,38,recall-post,3.0,5.0,5037.0199999998,1,FHPTQ,FHPTQ,1.0,0.0
1277,control,38,sentence-post,,,2542.7199999995,1,,,1.0,0.0
1278,control,38,sentence-post,,,2042.8599999996,1,,,1.0,0.0
1279,control,38,sentence-post,,,2565.8650000005,1,,,1.0,0.0
1280,control,38,sentence-post,,,3489.2550000004,1,,,1.0,0.0
1281,control,38,sentence-post,,,2192.4049999998,1,,,1.0,0.0
1282,control,38,sentence-post,,,3422.7749999999,1,,,1.0,0.0
1283,control,38,recall-post,4.0,6.0,5120.9150000005,1,JPTFRQ,JPTFRQ,1.0,0.0
1284,control,38,sentence-post,,,3176.7950000004,1,,,1.0,0.0
1285,control,38,sentence-post,,,3178.7899999998,1,,,1.0,0.0
1286,control,38,sentence-post,,,2589.0500000005,1,,,1.0,0.0
1287,control,38,sentence-post,,,2542.3099999998,1,,,1.0,0.0
1288,control,38,sentence-post,,,3526.3000000005,1,,,1.0,0.0
1289,control,38,sentence-post,,,2208.0699999996,1,,,1.0,0.0
1290,control,38,recall-post,5.0,6.0,7117.7200000002,1,JPLHFS,JPLHFS,1.0,0.0
1291,control,38,sentence-post,,,2540.5899999996,1,,,1.0,0.0
1292,control,38,sentence-post,,,3579.635,1,,,1.0,0.0
1293,control,38,sentence-post,,,2554.1600000006,1,,,1.0,0.0
1294,control,38,sentence-post,,,2840.0049999999,1,,,1.0,0.0
1295,control,38,recall-post,6.0,4.0,4172.2549999997,1,NTQH,NTQH,1.0,0.0
1296,control,40,sentence-pre,,,4647.0349999727,0,,,1.0,0.0
1297,control,40,sentence-pre,,,5208.8399999775,0,,,1.0,0.0
1298,control,40,sentence-pre,,,5598.0050000362,1,,,1.0,0.0
1299,control,40,sentence-pre,,,6075.3849999746,0,,,1.0,0.0
1300,control,40,sentence-pre,,,,0,,,1.0,0.0
1301,control,40,sentence-pre,,,,0,,,1.0,0.0
1302,control,40,recall-pre,1.0,6.0,15620.544999954,0,SYKRFJ,FKSYR,0.16666666666666663,0.8333333333333334
1303,control,40,sentence-pre,,,5472.9700000025,1,,,1.0,0.0
1304,control,40,sentence-pre,,,4116.3350000279,0,,,1.0,0.0
1305,control,40,sentence-pre,,,5813.1250000442,1,,,1.0,0.0
1306,control,40,sentence-pre,,,,0,,,1.0,0.0
1307,control,40,sentence-pre,,,5423.7449999782,0,,,1.0,0.0
1308,control,40,recall-pre,2.0,5.0,12831.319999998,0,PFSQN,P_SQ_,0.6,0.4
1309,control,40,sentence-pre,,,5544.7949999943,0,,,1.0,0.0
1310,control,40,sentence-pre,,,4588.0950000137,1,,,1.0,0.0
1311,control,40,sentence-pre,,,,0,,,1.0,0.0
1312,control,40,sentence-pre,,,5692.2650000197,1,,,1.0,0.0
1313,control,40,recall-pre,3.0,4.0,5974.7799999896,1,QRYF,QRYF,1.0,0.0
1314,control,40,sentence-pre,,,,0,,,1.0,0.0
1315,control,40,sentence-pre,,,5018.0650000111,1,,,1.0,0.0
1316,control,40,sentence-pre,,,3527.2649999824,1,,,1.0,0.0
1317,control,40,sentence-pre,,,5865.2499999735,1,,,1.0,0.0
1318,control,40,sentence-pre,,,4801.5100000193,1,,,1.0,0.0
1319,control,40,recall-pre,4.0,5.0,9890.4299999704,0,YTKHQ,KRYHT,0.19999999999999996,0.8
1320,control,40,sentence-pre,,,4889.4299999811,1,,,1.0,0.0
1321,control,40,sentence-pre,,,4415.7899999991,1,,,1.0,0.0
1322,control,40,sentence-pre,,,4621.8349999981,0,,,1.0,0.0
1323,control,40,sentence-pre,,,5182.8499999829,1,,,1.0,0.0
1324,control,40,sentence-pre,,,4706.5799999982,0,,,1.0,0.0
1325,control,40,sentence-pre,,,3842.2850000206,1,,,1.0,0.0
1326,control,40,recall-pre,5.0,6.0,10036.569999997,0,QSLRKN,QSTYN,0.5,0.5
1327,control,40,sentence-pre,,,4934.3400000362,1,,,1.0,0.0
1328,control,40,sentence-pre,,,4548.8800000167,1,,,1.0,0.0
1329,control,40,sentence-pre,,,4921.6799999704,1,,,1.0,0.0
1330,control,40,sentence-pre,,,5765.0950000389,1,,,1.0,0.0
1331,control,40,recall-pre,6.0,4.0,10397.129999998,0,NSPF,TS___,0.19999999999999996,0.8
1332,control,40,sentence-post,,,4204.1150000296,1,,,1.0,0.0
1333,control,40,sentence-post,,,5037.3549999786,0,,,1.0,0.0
1334,control,40,sentence-post,,,3564.0150000108,0,,,1.0,0.0
1335,control,40,sentence-post,,,4756.7399999825,1,,,1.0,0.0
1336,control,40,sentence-post,,,4177.005000005,0,,,1.0,0.0
1337,control,40,recall-post,1.0,5.0,10048.14499995,1,HPSFK,HPSFK,1.0,0.0
1338,control,40,sentence-post,,,5340.6550000072,1,,,1.0,0.0
1339,control,40,sentence-post,,,4358.024999965,1,,,1.0,0.0
1340,control,40,sentence-post,,,4792.9250000161,1,,,1.0,0.0
1341,control,40,sentence-post,,,5482.5600000331,0,,,1.0,0.0
1342,control,40,sentence-post,,,4217.0250000199,0,,,1.0,0.0
1343,control,40,sentence-post,,,4332.4600000051,1,,,1.0,0.0
1344,control,40,recall-post,2.0,6.0,7934.2299999553,0,NQSLJT,NQSLJ,0.8333333333333334,0.16666666666666666
1345,control,40,sentence-post,,,4183.245000022,0,,,1.0,0.0
1346,control,40,sentence-post,,,5035.1299999747,1,,,1.0,0.0
1347,control,40,sentence-post,,,4453.3199999714,1,,,1.0,0.0
1348,control,40,sentence-post,,,3902.1749999956,1,,,1.0,0.0
1349,control,40,sentence-post,,,3608.8050000253,1,,,1.0,0.0
1350,control,40,recall-post,3.0,5.0,5471.9349999796,0,LSYPQ,SLYPQ,0.6,0.4
1351,control,40,sentence-post,,,4599.990000017,1,,,1.0,0.0
1352,control,40,sentence-post,,,4811.6550000268,1,,,1.0,0.0
1353,control,40,sentence-post,,,2675.4799999762,1,,,1.0,0.0
1354,control,40,sentence-post,,,4611.9250000338,1,,,1.0,0.0
1355,control,40,recall-post,4.0,4.0,9317.4350000336,0,HQRJ,HQS_,0.5,0.5
1356,control,40,sentence-post,,,4566.5400000289,1,,,1.0,0.0
1357,control,40,sentence-post,,,4618.4149999754,1,,,1.0,0.0
1358,control,40,sentence-post,,,4145.5150000402,1,,,1.0,0.0
1359,control,40,sentence-post,,,3938.6649999651,1,,,1.0,0.0
1360,control,40,sentence-post,,,5558.154999977,1,,,1.0,0.0
1361,control,40,sentence-post,,,5118.6250000028,1,,,1.0,0.0
1362,control,40,recall-post,5.0,6.0,11405.090000015,0,QFLKSH,Q_LHKY,0.33333333333333337,0.6666666666666666
1363,control,40,sentence-post,,,4377.685000014,1,,,1.0,0.0
1364,control,40,sentence-post,,,4240.9700000426,1,,,1.0,0.0
1365,control,40,sentence-post,,,2928.3000000287,1,,,1.0,0.0
1366,control,40,sentence-post,,,5898.0149999843,0,,,1.0,0.0
1367,control,40,recall-post,6.0,4.0,5296.6749999905,0,NHJL,NTHJ,0.5,0.5
1368,control,42,sentence-pre,,,3957.1,1,,,1.0,0.0
1369,control,42,sentence-pre,,,4915.1,1,,,1.0,0.0
1370,control,42,sentence-pre,,,4922.6,1,,,1.0,0.0
1371,control,42,sentence-pre,,,3986.7,1,,,1.0,0.0
1372,control,42,recall-pre,1.0,4.0,7081.5,0,FKHJ,YKHJ,0.75,0.25
1373,control,42,sentence-pre,,,4090.0,1,,,1.0,0.0
1374,control,42,sentence-pre,,,,0,,,1.0,0.0
1375,control,42,sentence-pre,,,5239.7,1,,,1.0,0.0
1376,control,42,sentence-pre,,,,0,,,1.0,0.0
1377,control,42,recall-pre,2.0,4.0,18324.7,0,JPKR,JKLR,0.5,0.5
1378,control,42,sentence-pre,,,5701.4,1,,,1.0,0.0
1379,control,42,sentence-pre,,,3456.4,1,,,1.0,0.0
1380,control,42,sentence-pre,,,4752.9,1,,,1.0,0.0
1381,control,42,sentence-pre,,,,0,,,1.0,0.0
1382,control,42,sentence-pre,,,5545.3,1,,,1.0,0.0
1383,control,42,recall-pre,3.0,5.0,20432.7,0,HPTQR,HPQR,0.8,0.2
1384,control,42,sentence-pre,,,,0,,,1.0,0.0
1385,control,42,sentence-pre,,,4652.6,1,,,1.0,0.0
1386,control,42,sentence-pre,,,3273.9,1,,,1.0,0.0
1387,control,42,sentence-pre,,,4137.2,0,,,1.0,0.0
1388,control,42,sentence-pre,,,4605.1,1,,,1.0,0.0
1389,control,42,recall-pre,4.0,5.0,8151.0,1,SNPKL,SNPKL,1.0,0.0
1390,control,42,sentence-pre,,,3519.8,1,,,1.0,0.0
1391,control,42,sentence-pre,,,3182.2,1,,,1.0,0.0
1392,control,42,sentence-pre,,,2971.3,1,,,1.0,0.0
1393,control,42,sentence-pre,,,,0,,,1.0,0.0
1394,control,42,sentence-pre,,,4067.4,0,,,1.0,0.0
1395,control,42,sentence-pre,,,4930.2,1,,,1.0,0.0
1396,control,42,recall-pre,5.0,6.0,18860.6,0,FKLSYR,FNPSQ,0.33333333333333337,0.6666666666666666
1397,control,42,sentence-pre,,,5388.6,1,,,1.0,0.0
1398,control,42,sentence-pre,,,3074.0,1,,,1.0,0.0
1399,control,42,sentence-pre,,,4598.5,1,,,1.0,0.0
1400,control,42,sentence-pre,,,2967.9,1,,,1.0,0.0
1401,control,42,sentence-pre,,,4241.4,1,,,1.0,0.0
1402,control,42,sentence-pre,,,6163.7,1,,,1.0,0.0
1403,control,42,recall-pre,6.0,6.0,6151.8,0,PHKNJQ,PHKNQ,0.8333333333333334,0.16666666666666666
1404,control,42,sentence-post,,,4120.7000000002,1,,,1.0,0.0
1405,control,42,sentence-post,,,4480.0,1,,,1.0,0.0
1406,control,42,sentence-post,,,4753.0999999996,1,,,1.0,0.0
1407,control,42,sentence-post,,,4428.6000000001,1,,,1.0,0.0
1408,control,42,sentence-post,,,,0,,,1.0,0.0
1409,control,42,sentence-post,,,5920.5,1,,,1.0,0.0
1410,control,42,recall-post,1.0,6.0,14885.4,0,FSQYHJ,FSQYJH,0.6666666666666667,0.3333333333333333
1411,control,42,sentence-post,,,4651.0999999996,0,,,1.0,0.0
1412,control,42,sentence-post,,,4081.1000000001,0,,,1.0,0.0
1413,control,42,sentence-post,,,5036.1000000001,1,,,1.0,0.0
1414,control,42,sentence-post,,,4780.3000000003,1,,,1.0,0.0
1415,control,42,recall-post,2.0,4.0,19367.0,1,LHQS,LHQS,1.0,0.0
1416,control,42,sentence-post,,,3353.5999999996,1,,,1.0,0.0
1417,control,42,sentence-post,,,,0,,,1.0,0.0
1418,control,42,sentence-post,,,5361.8999999999,1,,,1.0,0.0
1419,control,42,sentence-post,,,4248.3999999999,1,,,1.0,0.0
1420,control,42,recall-post,3.0,4.0,4356.8000000003,0,SRTL,STL,0.75,0.25
1421,control,42,sentence-post,,,3069.2999999998,1,,,1.0,0.0
1422,control,42,sentence-post,,,2363.2999999998,1,,,1.0,0.0
1423,control,42,sentence-post,,,3390.2999999998,1,,,1.0,0.0
1424,control,42,sentence-post,,,3783.3999999999,1,,,1.0,0.0
1425,control,42,sentence-post,,,3197.0,1,,,1.0,0.0
1426,control,42,recall-post,4.0,5.0,6625.7999999998,1,TJPQS,TJPQS,1.0,0.0
1427,control,42,sentence-post,,,4312.0,1,,,1.0,0.0
1428,control,42,sentence-post,,,5783.3999999999,1,,,1.0,0.0
1429,control,42,sentence-post,,,3972.3000000003,1,,,1.0,0.0
1430,control,42,sentence-post,,,5979.6999999997,1,,,1.0,0.0
1431,control,42,sentence-post,,,3102.5,1,,,1.0,0.0
1432,control,42,sentence-post,,,4298.6999999997,1,,,1.0,0.0
1433,control,42,recall-post,5.0,6.0,9349.1999999997,0,QFJHSP,JSP,0.5,0.5
1434,control,42,sentence-post,,,5405.7999999998,1,,,1.0,0.0
1435,control,42,sentence-post,,,3111.3999999999,1,,,1.0,0.0
1436,control,42,sentence-post,,,4853.1000000001,1,,,1.0,0.0
1437,control,42,sentence-post,,,3426.6000000001,1,,,1.0,0.0
1438,control,42,sentence-post,,,4997.5,1,,,1.0,0.0
1439,control,42,recall-post,6.0,5.0,7167.7000000002,0,RKYQT,RKYT,0.8,0.2
1440,control,46,sentence-pre,,,7159.4750000513,1,,,1.0,0.0
1441,control,46,sentence-pre,,,7112.4999999884,1,,,1.0,0.0
1442,control,46,sentence-pre,,,7830.5449999752,1,,,1.0,0.0
1443,control,46,sentence-pre,,,6477.6399999973,1,,,1.0,0.0
1444,control,46,sentence-pre,,,6105.979999993,1,,,1.0,0.0
1445,control,46,recall-pre,1.0,5.0,15698.124999995,0,JQRPF,JPQR,0.4,0.6
1446,control,46,sentence-pre,,,8105.4349999758,1,,,1.0,0.0
1447,control,46,sentence-pre,,,13328.225000005,1,,,1.0,0.0
1448,control,46,sentence-pre,,,9046.8950000359,0,,,1.0,0.0
1449,control,46,sentence-pre,,,,0,,,1.0,0.0
1450,control,46,sentence-pre,,,8485.8749999548,1,,,1.0,0.0
1451,control,46,sentence-pre,,,10315.474999952,1,,,1.0,0.0
1452,control,46,recall-pre,2.0,6.0,7800.1850000001,0,YHQLPJ,,0.0,1.0
1453,control,46,sentence-pre,,,12358.805000025,1,,,1.0,0.0
1454,control,46,sentence-pre,,,8065.260000003,1,,,1.0,0.0
1455,control,46,sentence-pre,,,8790.7649999834,0,,,1.0,0.0
1456,control,46,sentence-pre,,,6444.2750000162,1,,,1.0,0.0
1457,control,46,sentence-pre,,,8152.6000000304,1,,,1.0,0.0
1458,control,46,sentence-pre,,,9530.1650000038,0,,,1.0,0.0
1459,control,46,recall-pre,3.0,6.0,15539.415000007,0,LSQYFR,SLQYS,0.33333333333333337,0.6666666666666666
1460,control,46,sentence-pre,,,10162.810000009,0,,,1.0,0.0
1461,control,46,sentence-pre,,,6170.764999988,1,,,1.0,0.0
1462,control,46,sentence-pre,,,8432.770000014,1,,,1.0,0.0
1463,control,46,sentence-pre,,,8825.7200000226,1,,,1.0,0.0
1464,control,46,recall-pre,4.0,4.0,12911.454999994,0,FSKY,FLKY,0.75,0.25
1465,control,46,sentence-pre,,,7701.6850000364,1,,,1.0,0.0
1466,control,46,sentence-pre,,,10575.245000015,1,,,1.0,0.0
1467,control,46,sentence-pre,,,13494.550000003,1,,,1.0,0.0
1468,control,46,sentence-pre,,,10976.69000004,1,,,1.0,0.0
1469,control,46,sentence-pre,,,11035.455000005,1,,,1.0,0.0
1470,control,46,recall-pre,5.0,5.0,15572.450000036,0,RJYTP,SRYT,0.4,0.6
1471,control,46,sentence-pre,,,15537.320000003,0,,,1.0,0.0
1472,control,46,sentence-pre,,,10595.13500001,1,,,1.0,0.0
1473,control,46,sentence-pre,,,7399.9450000119,1,,,1.0,0.0
1474,control,46,sentence-pre,,,9268.0300000357,1,,,1.0,0.0
1475,control,46,recall-pre,6.0,4.0,7745.6000000238,0,LPST,SLPT,0.5,0.5
1476,control,46,sentence-post,,,,0,,,1.0,0.0
1477,control,46,sentence-post,,,8004.7699999996,1,,,1.0,0.0
1478,control,46,sentence-post,,,7743.3200000087,1,,,1.0,0.0
1479,control,46,sentence-post,,,8212.910000002,1,,,1.0,0.0
1480,control,46,recall-post,1.0,4.0,2362.4200000195,0,KFTQ,,0.0,1.0
1481,control,46,sentence-post,,,7955.959999992,1,,,1.0,0.0
1482,control,46,sentence-post,,,8200.045000005,1,,,1.0,0.0
1483,control,46,sentence-post,,,14275.575000036,1,,,1.0,0.0
1484,control,46,sentence-post,,,7946.2649999768,0,,,1.0,0.0
1485,control,46,sentence-post,,,13294.82000001,1,,,1.0,0.0
1486,control,46,sentence-post,,,11753.725000017,1,,,1.0,0.0
1487,control,46,recall-post,2.0,6.0,26195.485000033,0,NQYTKP,NSYTP,0.6666666666666667,0.3333333333333333
1488,control,46,sentence-post,,,8520.4099999974,1,,,1.0,0.0
1489,control,46,sentence-post,,,9054.7450000304,0,,,1.0,0.0
1490,control,46,sentence-post,,,13030.635000032,1,,,1.0,0.0
1491,control,46,sentence-post,,,7837.3550000251,1,,,1.0,0.0
1492,control,46,sentence-post,,,13358.284999966,1,,,1.0,0.0
1493,control,46,recall-post,3.0,5.0,16215.564999962,0,YKSRH,YTFSH,0.4,0.6
1494,control,46,sentence-post,,,8628.3849999891,1,,,1.0,0.0
1495,control,46,sentence-post,,,17327.649999992,0,,,1.0,0.0
1496,control,46,sentence-post,,,9449.5999999926,1,,,1.0,0.0
1497,control,46,sentence-post,,,8467.6099999924,1,,,1.0,0.0
1498,control,46,recall-post,4.0,4.0,8235.9249999863,0,YJNS,YJS,0.75,0.25
1499,control,46,sentence-post,,,12820.914999989,1,,,1.0,0.0
1500,control,46,sentence-post,,,,0,,,1.0,0.0
1501,control,46,sentence-post,,,11371.890000009,1,,,1.0,0.0
1502,control,46,sentence-post,,,8598.9600000321,1,,,1.0,0.0
1503,control,46,sentence-post,,,8023.4650000348,1,,,1.0,0.0
1504,control,46,recall-post,5.0,5.0,11071.375,0,YPKTR,YSTKR,0.4,0.6
1505,control,46,sentence-post,,,8030.4899999755,1,,,1.0,0.0
1506,control,46,sentence-post,,,5622.5100000156,1,,,1.0,0.0
1507,control,46,sentence-post,,,7202.665000048,1,,,1.0,0.0
1508,control,46,sentence-post,,,9894.1250000498,1,,,1.0,0.0
1509,control,46,sentence-post,,,7114.0850000083,1,,,1.0,0.0
1510,control,46,sentence-post,,,7327.3899999913,1,,,1.0,0.0
1511,control,46,recall-post,6.0,6.0,28115.344999998,0,TPJKQL,TPJKQ,0.8333333333333334,0.16666666666666666
1512,control,50,sentence-pre,,,3584.8649996333,1,,,1.0,0.0
1513,control,50,sentence-pre,,,3326.82499988,1,,,1.0,0.0
1514,control,50,sentence-pre,,,2853.0600001104,1,,,1.0,0.0
1515,control,50,sentence-pre,,,3797.4749999121,1,,,1.0,0.0
1516,control,50,sentence-pre,,,4776.699999813,1,,,1.0,0.0
1517,control,50,sentence-pre,,,,0,,,1.0,0.0
1518,control,50,recall-pre,1.0,6.0,16068.424999714,0,YSNPHL,SYNPHL,0.6666666666666667,0.3333333333333333
1519,control,50,sentence-pre,,,2689.9749999866,1,,,1.0,0.0
1520,control,50,sentence-pre,,,4000.6749997847,1,,,1.0,0.0
1521,control,50,sentence-pre,,,5126.3099997304,1,,,1.0,0.0
1522,control,50,sentence-pre,,,3741.5749998763,1,,,1.0,0.0
1523,control,50,recall-pre,2.0,4.0,8576.4500000514,1,YPSJ,YPSJ,1.0,0.0
1524,control,50,sentence-pre,,,4798.3349999413,1,,,1.0,0.0
1525,control,50,sentence-pre,,,5064.7150003351,1,,,1.0,0.0
1526,control,50,sentence-pre,,,3334.7800001502,1,,,1.0,0.0
1527,control,50,sentence-pre,,,5289.7049998865,1,,,1.0,0.0
1528,control,50,recall-pre,3.0,4.0,11976.915000007,1,TPHJ,TPHJ,1.0,0.0
1529,control,50,sentence-pre,,,3229.2500003241,1,,,1.0,0.0
1530,control,50,sentence-pre,,,3345.244999975,1,,,1.0,0.0
1531,control,50,sentence-pre,,,3307.2550003417,1,,,1.0,0.0
1532,control,50,sentence-pre,,,2950.9350000881,1,,,1.0,0.0
1533,control,50,sentence-pre,,,3495.8549998701,1,,,1.0,0.0
1534,control,50,sentence-pre,,,5057.8400003724,1,,,1.0,0.0
1535,control,50,recall-pre,4.0,6.0,14198.540000245,1,RSJHNY,RSJHNY,1.0,0.0
1536,control,50,sentence-pre,,,3199.3950000033,1,,,1.0,0.0
1537,control,50,sentence-pre,,,2650.2449996769,1,,,1.0,0.0
1538,control,50,sentence-pre,,,5785.4999997653,1,,,1.0,0.0
1539,control,50,sentence-pre,,,3542.6699998789,1,,,1.0,0.0
1540,control,50,sentence-pre,,,4296.3899997994,0,,,1.0,0.0
1541,control,50,recall-pre,5.0,5.0,19797.879999969,1,FKSNR,FKSNR,1.0,0.0
1542,control,50,sentence-pre,,,3124.7950000688,1,,,1.0,0.0
1543,control,50,sentence-pre,,,4082.620000001,1,,,1.0,0.0
1544,control,50,sentence-pre,,,4551.3849998824,1,,,1.0,0.0
1545,control,50,sentence-pre,,,4560.7549999841,1,,,1.0,0.0
1546,control,50,sentence-pre,,,3415.5950001441,1,,,1.0,0.0
1547,control,50,recall-pre,6.0,5.0,11726.715000346,1,PSLYN,PSLYN,1.0,0.0
1548,control,50,sentence-post,,,4259.8500000313,1,,,1.0,0.0
1549,control,50,sentence-post,,,5020.4900000244,0,,,1.0,0.0
1550,control,50,sentence-post,,,3606.9799996912,1,,,1.0,0.0
1551,control,50,sentence-post,,,5295.5499999225,1,,,1.0,0.0
1552,control,50,sentence-post,,,5095.1149999164,1,,,1.0,0.0
1553,control,50,recall-post,1.0,5.0,11341.765000019,1,TQSLK,TQSLK,1.0,0.0
1554,control,50,sentence-post,,,4144.3149996921,1,,,1.0,0.0
1555,control,50,sentence-post,,,3359.1500003822,0,,,1.0,0.0
1556,control,50,sentence-post,,,5248.4450000338,1,,,1.0,0.0
1557,control,50,sentence-post,,,4400.5499999039,1,,,1.0,0.0
1558,control,50,recall-post,2.0,4.0,12332.529999781,1,KNRF,KNRF,1.0,0.0
1559,control,50,sentence-post,,,3615.5249997973,1,,,1.0,0.0
1560,control,50,sentence-post,,,5072.329999879,1,,,1.0,0.0
1561,control,50,sentence-post,,,6055.5449998938,1,,,1.0,0.0
1562,control,50,sentence-post,,,3840.2249999344,1,,,1.0,0.0
1563,control,50,recall-post,3.0,4.0,8845.9350001067,1,TJSY,TJSY,1.0,0.0
1564,control,50,sentence-post,,,3025.7249996066,1,,,1.0,0.0
1565,control,50,sentence-post,,,5615.4350000434,1,,,1.0,0.0
1566,control,50,sentence-post,,,3552.7400001884,1,,,1.0,0.0
1567,control,50,sentence-post,,,4165.2350001968,1,,,1.0,0.0
1568,control,50,sentence-post,,,3879.3200002983,1,,,1.0,0.0
1569,control,50,sentence-post,,,4496.4499999769,1,,,1.0,0.0
1570,control,50,recall-post,4.0,6.0,36139.620000031,1,QTRFYJ,QTRFYJ,1.0,0.0
1571,control,50,sentence-post,,,3974.5299997739,1,,,1.0,0.0
1572,control,50,sentence-post,,,3359.3600001186,1,,,1.0,0.0
1573,control,50,sentence-post,,,5214.2950003035,1,,,1.0,0.0
1574,control,50,sentence-post,,,3240.2999997139,1,,,1.0,0.0
1575,control,50,sentence-post,,,3798.1849997304,1,,,1.0,0.0
1576,control,50,sentence-post,,,5807.1400001645,1,,,1.0,0.0
1577,control,50,recall-post,5.0,6.0,13910.154999699,1,NQLTRJ,NQLTRJ,1.0,0.0
1578,control,50,sentence-post,,,2512.3050003313,1,,,1.0,0.0
1579,control,50,sentence-post,,,4121.9000001438,1,,,1.0,0.0
1580,control,50,sentence-post,,,6072.0149995759,1,,,1.0,0.0
1581,control,50,sentence-post,,,3597.9800000787,1,,,1.0,0.0
1582,control,50,sentence-post,,,3919.6450002491,1,,,1.0,0.0
1583,control,50,recall-post,6.0,5.0,14277.325000148,1,THRJQ,THRJQ,1.0,0.0
